Company,VAN,Article,Qty_Loaded,Qty_Sold,Balance,Status
BIFA,BIFA LIV01,AVANTAGE,378,432,-54,OVER-SOLD
BIFA,BIFA LIV01,BALBON FRUITE,24,27,-3,OVER-SOLD
BIFA,BIFA LIV01,BALBON REGLISE,8,8,0,OK
BIFA,BIFA LIV01,BENITO CM6,144,216,-72,OVER-SOLD
BIFA,BIFA LIV01,BESBOUSSA,448,480,-32,OVER-SOLD
BIFA,BIFA LIV01,BESTO BLANCO X4,240,432,-192,OVER-SOLD
BIFA,BIFA LIV01,BESTO CACAO,100,120,-20,OVER-SOLD
BIFA,BIFA LIV01,BESTO NOIR PM,720,1152,-432,OVER-SOLD
BIFA,BIFA LIV01,BESTO NOIRCO 7 PCS,240,240,0,OK
BIFA,BIFA LIV01,BIG FAMILY CC 8,72,112,-40,OVER-SOLD
BIFA,BIFA LIV01,BISCUIT RS DUO,16,27,-11,OVER-SOLD
BIFA,BIFA LIV01,BISCUIT SPECULOOS,260,300,-40,OVER-SOLD
BIFA,BIFA LIV01,BISCUIT SPECULOOS CRUMBS,30,50,-20,OVER-SOLD
BIFA,BIFA LIV01,BONITO CHOCOLAT,192,336,-144,OVER-SOLD
BIFA,BIFA LIV01,BONITO PEANUTS,120,240,-120,OVER-SOLD
BIFA,BIFA LIV01,BRAVA CHOCOLAT CACAHUETE,20,9,11,OK
BIFA,BIFA LIV01,BRAVA MINI CHOCOLAT CACAHUETE,0,19,-19,OVER-SOLD
BIFA,BIFA LIV01,BREAK ROLL,108,216,-108,OVER-SOLD
BIFA,BIFA LIV01,BRINO BANANE,360,672,-312,OVER-SOLD
BIFA,BIFA LIV01,BRINO CM6 CC,0,24,-24,OVER-SOLD
BIFA,BIFA LIV01,BRINO JUNIOR,3360,4080,-720,OVER-SOLD
BIFA,BIFA LIV01,BRINO NOIR VANILLE,216,456,-240,OVER-SOLD
BIFA,BIFA LIV01,CELEBRITY BAR CAKE,0,17,-17,OVER-SOLD
BIFA,BIFA LIV01,CELEBRITY BEST TIME,384,384,0,OK
BIFA,BIFA LIV01,CELEBRITY BEST TIME 9PCS,0,32,-32,OVER-SOLD
BIFA,BIFA LIV01,CELEBRITY BROWNIE,24,32,-8,OVER-SOLD
BIFA,BIFA LIV01,CELEBRITY FONDANT,1920,2448,-528,OVER-SOLD
BIFA,BIFA LIV01,CELEBRITY MINI BAR,30,38,-8,OVER-SOLD
BIFA,BIFA LIV01,CELEBRITY TWIN,48,59,-11,OVER-SOLD
BIFA,BIFA LIV01,CHAMIA  90G,120,432,-312,OVER-SOLD
BIFA,BIFA LIV01,CHAMIA 25G,18,25,-7,OVER-SOLD
BIFA,BIFA LIV01,CHAMIA 720 G,0,9,-9,OVER-SOLD
BIFA,BIFA LIV01,CHAMIA PAPILLON 350g ,0,5,-5,OVER-SOLD
BIFA,BIFA LIV01,CULINA PATE A GLACER PROFESSIONNEL,96,132,-36,OVER-SOLD
BIFA,BIFA LIV01,DADEY GM,0,24,-24,OVER-SOLD
BIFA,BIFA LIV01,DADEY GM BLANC,0,12,-12,OVER-SOLD
BIFA,BIFA LIV01,DAILY COCKTAIL 20CL,450,600,-150,OVER-SOLD
BIFA,BIFA LIV01,DAILY JOY CHOCOLATE 125 ML,312,552,-240,OVER-SOLD
BIFA,BIFA LIV01,"DAILY JOY F BOIS 12,5CL",960,960,0,OK
BIFA,BIFA LIV01,"DAILY JOY FRAISE 12,5CL",960,960,0,OK
BIFA,BIFA LIV01,DAILY ORG 20CL,450,300,150,OK
BIFA,BIFA LIV01,DAILY ORG PECHE ABR 20CL,300,90,210,OK
BIFA,BIFA LIV01,DAILY JOY 12.5CL,1920,1920,0,OK
BIFA,BIFA LIV01,DOLCE TABLETTE CHOCOLAT,0,13,-13,OVER-SOLD
BIFA,BIFA LIV01,DOLCE WAFER COCOA,900,1140,-240,OVER-SOLD
BIFA,BIFA LIV01,DOLCE WAFER COCOA PLUS,150,135,15,OK
BIFA,BIFA LIV01,DUNAROLL MAXI CREME BLANCHE,50,50,0,OK
BIFA,BIFA LIV01,DUNAROLL MAXI CREME CACAO,50,70,-20,OVER-SOLD
BIFA,BIFA LIV01,DUNAROLL ROUGE,1350,1980,-630,OVER-SOLD
BIFA,BIFA LIV01,FAMELIO,144,228,-84,OVER-SOLD
BIFA,BIFA LIV01,KRISPINO MAX,16,23,-7,OVER-SOLD
BIFA,BIFA LIV01,MARSHMALLOW NOIX DE COCO X4,240,216,24,OK
BIFA,BIFA LIV01,MAX CREME,90,126,-36,OVER-SOLD
BIFA,BIFA LIV01,MAX CREME NOIR,54,108,-54,OVER-SOLD
BIFA,BIFA LIV01,MINI CELEBRITY FONDANT,405,423,-18,OVER-SOLD
BIFA,BIFA LIV01,MINI TALENT CACAHOUETE,8,9,-1,OVER-SOLD
BIFA,BIFA LIV01,MINI TALENT NOISETTES ET RAISINS SECS 70G,8,4,4,OK
BIFA,BIFA LIV01,MONTANA,0,1,-1,OVER-SOLD
BIFA,BIFA LIV01,MUFFIN'S BREAK FRAISE,0,108,-108,OVER-SOLD
BIFA,BIFA LIV01,RIGOLO,144,162,-18,OVER-SOLD
BIFA,BIFA LIV01,ROND GAUF AU CACAHUETE,0,10,-10,OVER-SOLD
BIFA,BIFA LIV01,ROYAL HALVA CHOCOLAT CHAMIA AMANDES,16,15,1,OK
BIFA,BIFA LIV01,STORY BARRE KUNAFA PISTACHE,12,15,-3,OVER-SOLD
BIFA,BIFA LIV01,STORY CHOCOLAT KUNAFA PISTACHE,8,12,-4,OVER-SOLD
BIFA,BIFA LIV01,STORY CHOCOLAT NOIR 70% CACAO,0,4,-4,OVER-SOLD
BIFA,BIFA LIV01,SUCETTE KRISTOP FRUITE,16,43,-27,OVER-SOLD
BIFA,BIFA LIV01,TALENT AUX CACAHOUETES,16,22,-6,OVER-SOLD
BIFA,BIFA LIV01,TORTO,672,912,-240,OVER-SOLD
BIFA,BIFA LIV01,WAFER CHOCO,1125,1530,-405,OVER-SOLD
BIFA,BIFA LIV01,WAFERS GM CC,200,300,-100,OVER-SOLD
BIFA,BIFA LIV01,WAFERS GM CITRON,0,20,-20,OVER-SOLD
BIFA,BIFA LIV01,WAFERS GM VANILLE,260,360,-100,OVER-SOLD
BIFA,BIFA LIV03,AVANTAGE,216,270,-54,OVER-SOLD
BIFA,BIFA LIV03,BALBON FRUITE,24,55,-31,OVER-SOLD
BIFA,BIFA LIV03,BALBON REGLISE,8,24,-16,OVER-SOLD
BIFA,BIFA LIV03,BENITO CM6,144,252,-108,OVER-SOLD
BIFA,BIFA LIV03,BESBOUSSA,96,192,-96,OVER-SOLD
BIFA,BIFA LIV03,BESTO BLANCO X4,0,264,-264,OVER-SOLD
BIFA,BIFA LIV03,BESTO CACAO,120,120,0,OK
BIFA,BIFA LIV03,BESTO NOIR PM,720,768,-48,OVER-SOLD
BIFA,BIFA LIV03,BESTO NOIRCO 4PCS,0,72,-72,OVER-SOLD
BIFA,BIFA LIV03,BESTO NOIRCO 7 PCS,0,96,-96,OVER-SOLD
BIFA,BIFA LIV03,BIG FAMILY CC 8,64,104,-40,OVER-SOLD
BIFA,BIFA LIV03,BISCUIT RS DUO,0,16,-16,OVER-SOLD
BIFA,BIFA LIV03,BISCUIT SPECULOOS,120,200,-80,OVER-SOLD
BIFA,BIFA LIV03,BISCUIT SPECULOOS CRUMBS,0,20,-20,OVER-SOLD
BIFA,BIFA LIV03,BONITO CHOCOLAT,72,48,24,OK
BIFA,BIFA LIV03,BONITO PEANUTS,0,72,-72,OVER-SOLD
BIFA,BIFA LIV03,BRAVA CHOCOLAT CACAHUETE,16,9,7,OK
BIFA,BIFA LIV03,BRAVA MINI CHOCOLAT CACAHUETE,24,27,-3,OVER-SOLD
BIFA,BIFA LIV03,BREAK ROLL,0,144,-144,OVER-SOLD
BIFA,BIFA LIV03,BRINO BANANE,360,840,-480,OVER-SOLD
BIFA,BIFA LIV03,BRINO CM6 CC,0,24,-24,OVER-SOLD
BIFA,BIFA LIV03,BRINO JUNIOR,2880,3984,-1104,OVER-SOLD
BIFA,BIFA LIV03,BRINO NOIR VANILLE,120,456,-336,OVER-SOLD
BIFA,BIFA LIV03,CELEBRITY BARRE,0,7,-7,OVER-SOLD
BIFA,BIFA LIV03,CELEBRITY BEST TIME,120,72,48,OK
BIFA,BIFA LIV03,CELEBRITY BEST TIME 9PCS,0,16,-16,OVER-SOLD
BIFA,BIFA LIV03,CELEBRITY BROWNIE,0,9,-9,OVER-SOLD
BIFA,BIFA LIV03,CELEBRITY FONDANT,720,672,48,OK
BIFA,BIFA LIV03,CELEBRITY GOUTER CHOCOLAT ET BISCUIT,0,1,-1,OVER-SOLD
BIFA,BIFA LIV03,CELEBRITY MINI BAR,24,36,-12,OVER-SOLD
BIFA,BIFA LIV03,CELEBRITY TWIN,8,13,-5,OVER-SOLD
BIFA,BIFA LIV03,CHAMIA  90G,240,288,-48,OVER-SOLD
BIFA,BIFA LIV03,CHAMIA 25G,48,60,-12,OVER-SOLD
BIFA,BIFA LIV03,CHAMIA 720 G,24,15,9,OK
BIFA,BIFA LIV03,CHAMIA PAPILLON 350g ,0,15,-15,OVER-SOLD
BIFA,BIFA LIV03,CULINA PATE A GLACER PROFESSIONNEL,108,96,12,OK
BIFA,BIFA LIV03,DADEY GM,0,36,-36,OVER-SOLD
BIFA,BIFA LIV03,DADEY GM BLANC,0,12,-12,OVER-SOLD
BIFA,BIFA LIV03,DAILY COCKTAIL 20CL,450,510,-60,OVER-SOLD
BIFA,BIFA LIV03,DAILY JOY CHOCOLATE 125 ML,360,600,-240,OVER-SOLD
BIFA,BIFA LIV03,"DAILY JOY F BOIS 12,5CL",960,720,240,OK
BIFA,BIFA LIV03,"DAILY JOY FRAISE 12,5CL",960,960,0,OK
BIFA,BIFA LIV03,DAILY ORG 20CL,540,450,90,OK
BIFA,BIFA LIV03,DAILY ORG PECHE ABR 20CL,450,270,180,OK
BIFA,BIFA LIV03,DAILY JOY 12.5CL,1440,1632,-192,OVER-SOLD
BIFA,BIFA LIV03,DOLCE TABLETTE CHOCOLAT,8,7,1,OK
BIFA,BIFA LIV03,DOLCE WAFER COCOA,300,600,-300,OVER-SOLD
BIFA,BIFA LIV03,DOLCE WAFER COCOA PLUS,150,150,0,OK
BIFA,BIFA LIV03,DUNAROLL MAXI CREME BLANCHE,30,30,0,OK
BIFA,BIFA LIV03,DUNAROLL MAXI CREME CACAO,30,40,-10,OVER-SOLD
BIFA,BIFA LIV03,DUNAROLL ROUGE,1560,1470,90,OK
BIFA,BIFA LIV03,FAMELIO,108,156,-48,OVER-SOLD
BIFA,BIFA LIV03,FLORIDA CHLOROPHYLLE,0,5,-5,OVER-SOLD
BIFA,BIFA LIV03,KRISPINO MAX,8,4,4,OK
BIFA,BIFA LIV03,KRISPINO WAFER,0,4,-4,OVER-SOLD
BIFA,BIFA LIV03,LE MOSAIQUE X4,0,1,-1,OVER-SOLD
BIFA,BIFA LIV03,MARSHMALLOW NOIX DE COCO X4,0,48,-48,OVER-SOLD
BIFA,BIFA LIV03,MAX CREME,90,144,-54,OVER-SOLD
BIFA,BIFA LIV03,MAX CREME NOIR,90,90,0,OK
BIFA,BIFA LIV03,MINI CELEBRITY FONDANT,180,45,135,OK
BIFA,BIFA LIV03,MINI TALENT CACAHOUETE,0,2,-2,OVER-SOLD
BIFA,BIFA LIV03,MONTANA,16,14,2,OK
BIFA,BIFA LIV03,PATE A TARTINER AUX NOISETTES 750g,18,18,0,OK
BIFA,BIFA LIV03,PETIT PALMIERS CHOCOLAT,0,48,-48,OVER-SOLD
BIFA,BIFA LIV03,RIGOLO,90,108,-18,OVER-SOLD
BIFA,BIFA LIV03,ROND GAUF AU CACAHUETE,0,3,-3,OVER-SOLD
BIFA,BIFA LIV03,ROYAL HALVA CHOCOLAT CHAMIA AMANDES,8,7,1,OK
BIFA,BIFA LIV03,STORY BARRE KUNAFA PISTACHE,0,5,-5,OVER-SOLD
BIFA,BIFA LIV03,STORY CHOCOLAT KUNAFA PISTACHE,8,10,-2,OVER-SOLD
BIFA,BIFA LIV03,STORY CHOCOLAT SPECULOOS,0,3,-3,OVER-SOLD
BIFA,BIFA LIV03,SUCETTE KRISTOP FRUITE,8,29,-21,OVER-SOLD
BIFA,BIFA LIV03,TORTO,960,768,192,OK
BIFA,BIFA LIV03,WAFER CHOCO,855,1305,-450,OVER-SOLD
BIFA,BIFA LIV03,WAFERS GM CC,200,300,-100,OVER-SOLD
BIFA,BIFA LIV03,WAFERS GM VANILLE,240,340,-100,OVER-SOLD
BIFA,BIFA LIV04,AVANTAGE,252,360,-108,OVER-SOLD
BIFA,BIFA LIV04,BALBON FRUITE,24,28,-4,OVER-SOLD
BIFA,BIFA LIV04,BALBON REGLISE,16,20,-4,OVER-SOLD
BIFA,BIFA LIV04,BENITO CM6,90,198,-108,OVER-SOLD
BIFA,BIFA LIV04,BESBOUSSA,0,64,-64,OVER-SOLD
BIFA,BIFA LIV04,BESTO BLANCO X4,240,480,-240,OVER-SOLD
BIFA,BIFA LIV04,BESTO CACAO,120,100,20,OK
BIFA,BIFA LIV04,BESTO NOIR PM,720,1200,-480,OVER-SOLD
BIFA,BIFA LIV04,BESTO NOIRCO 7 PCS,192,312,-120,OVER-SOLD
BIFA,BIFA LIV04,BIG FAMILY CC 8,56,96,-40,OVER-SOLD
BIFA,BIFA LIV04,BISCUIT RS DUO,8,24,-16,OVER-SOLD
BIFA,BIFA LIV04,BISCUIT SPECULOOS,160,260,-100,OVER-SOLD
BIFA,BIFA LIV04,BISCUIT SPECULOOS CRUMBS,30,40,-10,OVER-SOLD
BIFA,BIFA LIV04,BONITO CHOCOLAT,264,408,-144,OVER-SOLD
BIFA,BIFA LIV04,BONITO PEANUTS,72,192,-120,OVER-SOLD
BIFA,BIFA LIV04,BRAVA BISCUIT SANDWICH,96,144,-48,OVER-SOLD
BIFA,BIFA LIV04,BRAVA CHOCOLAT CACAHUETE,28,20,8,OK
BIFA,BIFA LIV04,BRAVA MINI CHOCOLAT CACAHUETE,18,15,3,OK
BIFA,BIFA LIV04,BREAK ROLL,72,324,-252,OVER-SOLD
BIFA,BIFA LIV04,BRINO BANANE,480,840,-360,OVER-SOLD
BIFA,BIFA LIV04,BRINO CM6 CC,0,264,-264,OVER-SOLD
BIFA,BIFA LIV04,BRINO JUNIOR,3360,5184,-1824,OVER-SOLD
BIFA,BIFA LIV04,BRINO NOIR VANILLE,216,504,-288,OVER-SOLD
BIFA,BIFA LIV04,CELEBRITY BAR CAKE,0,5,-5,OVER-SOLD
BIFA,BIFA LIV04,CELEBRITY BEST TIME,96,336,-240,OVER-SOLD
BIFA,BIFA LIV04,CELEBRITY BEST TIME 9PCS,0,32,-32,OVER-SOLD
BIFA,BIFA LIV04,CELEBRITY BROWNIE,16,21,-5,OVER-SOLD
BIFA,BIFA LIV04,CELEBRITY FONDANT,720,1680,-960,OVER-SOLD
BIFA,BIFA LIV04,CELEBRITY MINI BAR,30,38,-8,OVER-SOLD
BIFA,BIFA LIV04,CELEBRITY TWIN,28,51,-23,OVER-SOLD
BIFA,BIFA LIV04,CHAMIA  90G,312,552,-240,OVER-SOLD
BIFA,BIFA LIV04,CHAMIA 25G,18,43,-25,OVER-SOLD
BIFA,BIFA LIV04,CHAMIA 720 G,24,18,6,OK
BIFA,BIFA LIV04,COOKIES FOUREE,0,20,-20,OVER-SOLD
BIFA,BIFA LIV04,CULINA PATE A GLACER PROFESSIONNEL,72,108,-36,OVER-SOLD
BIFA,BIFA LIV04,DADEY GM BLANC,36,36,0,OK
BIFA,BIFA LIV04,DAILY COCKTAIL 20CL,780,1020,-240,OVER-SOLD
BIFA,BIFA LIV04,DAILY JOY CHOCOLATE 125 ML,432,792,-360,OVER-SOLD
BIFA,BIFA LIV04,"DAILY JOY F BOIS 12,5CL",864,864,0,OK
BIFA,BIFA LIV04,"DAILY JOY FRAISE 12,5CL",864,864,0,OK
BIFA,BIFA LIV04,DAILY ORG 20CL,300,240,60,OK
BIFA,BIFA LIV04,DAILY ORG PECHE ABR 20CL,300,240,60,OK
BIFA,BIFA LIV04,DAILY JOY 12.5CL,1440,1440,0,OK
BIFA,BIFA LIV04,DOLCE TABLETTE CHOCOLAT,8,21,-13,OVER-SOLD
BIFA,BIFA LIV04,DOLCE WAFER COCOA,600,900,-300,OVER-SOLD
BIFA,BIFA LIV04,DOLCE WAFER COCOA PLUS,150,255,-105,OVER-SOLD
BIFA,BIFA LIV04,DUNAROLL MAXI CREME BLANCHE,30,30,0,OK
BIFA,BIFA LIV04,DUNAROLL MAXI CREME CACAO,30,30,0,OK
BIFA,BIFA LIV04,DUNAROLL ROUGE,810,1410,-600,OVER-SOLD
BIFA,BIFA LIV04,FAMELIO,192,252,-60,OVER-SOLD
BIFA,BIFA LIV04,KRISPINO MAX,0,6,-6,OVER-SOLD
BIFA,BIFA LIV04,MARSHMALLOW NOIX DE COCO X4,240,384,-144,OVER-SOLD
BIFA,BIFA LIV04,MAX CREME,162,162,0,OK
BIFA,BIFA LIV04,MAX CREME NOIR,0,90,-90,OVER-SOLD
BIFA,BIFA LIV04,MINI CELEBRITY FONDANT,45,180,-135,OVER-SOLD
BIFA,BIFA LIV04,MINI TALENT CACAHOUETE,8,6,2,OK
BIFA,BIFA LIV04,MINI TALENT NOISETTES ET RAISINS SECS 70G,8,2,6,OK
BIFA,BIFA LIV04,MONTANA,0,2,-2,OVER-SOLD
BIFA,BIFA LIV04,RIGOLO,144,180,-36,OVER-SOLD
BIFA,BIFA LIV04,ROND GAUF AU CACAHUETE,0,4,-4,OVER-SOLD
BIFA,BIFA LIV04,ROYAL HALVA CHOCOLAT CHAMIA AMANDES,8,26,-18,OVER-SOLD
BIFA,BIFA LIV04,STORY BARRE KUNAFA PISTACHE,0,12,-12,OVER-SOLD
BIFA,BIFA LIV04,STORY CHOCOLAT KUNAFA PISTACHE,16,25,-9,OVER-SOLD
BIFA,BIFA LIV04,STORY CHOCOLAT NOIR 70% CACAO,0,2,-2,OVER-SOLD
BIFA,BIFA LIV04,STORY CHOCOLAT SPECULOOS,0,5,-5,OVER-SOLD
BIFA,BIFA LIV04,SUCETTE KRISTOP FRUITE,32,28,4,OK
BIFA,BIFA LIV04,TALENT AUX CACAHOUETES,0,2,-2,OVER-SOLD
BIFA,BIFA LIV04,TORTO,1152,1344,-192,OVER-SOLD
BIFA,BIFA LIV04,WAFER CHOCO,945,1305,-360,OVER-SOLD
BIFA,BIFA LIV04,WAFERS GM CC,200,300,-100,OVER-SOLD
BIFA,BIFA LIV04,WAFERS GM VANILLE,260,360,-100,OVER-SOLD
BIFA,BIFA LIV05,AVANTAGE,540,504,36,OK
BIFA,BIFA LIV05,BALBON FRUITE,24,21,3,OK
BIFA,BIFA LIV05,BALBON REGLISE,0,4,-4,OVER-SOLD
BIFA,BIFA LIV05,BENITO CM6,234,234,0,OK
BIFA,BIFA LIV05,BESBOUSSA,192,160,32,OK
BIFA,BIFA LIV05,BESTO BLANCO X4,360,360,0,OK
BIFA,BIFA LIV05,BESTO CACAO,160,100,60,OK
BIFA,BIFA LIV05,BESTO NOIR PM,960,1200,-240,OVER-SOLD
BIFA,BIFA LIV05,BESTO NOIRCO 7 PCS,312,240,72,OK
BIFA,BIFA LIV05,BIG FAMILY CC 8,72,120,-48,OVER-SOLD
BIFA,BIFA LIV05,BISCUIT RS DUO,12,20,-8,OVER-SOLD
BIFA,BIFA LIV05,BISCUIT SPECULOOS,0,100,-100,OVER-SOLD
BIFA,BIFA LIV05,BISCUIT SPECULOOS CRUMBS,0,10,-10,OVER-SOLD
BIFA,BIFA LIV05,BONITO CHOCOLAT,144,144,0,OK
BIFA,BIFA LIV05,BONITO PEANUTS,48,72,-24,OVER-SOLD
BIFA,BIFA LIV05,BRAVA BISCUIT SANDWICH,0,36,-36,OVER-SOLD
BIFA,BIFA LIV05,BRAVA CHOCOLAT CACAHUETE,12,16,-4,OVER-SOLD
BIFA,BIFA LIV05,BRAVA MINI CHOCOLAT CACAHUETE,6,18,-12,OVER-SOLD
BIFA,BIFA LIV05,BREAK ROLL,108,144,-36,OVER-SOLD
BIFA,BIFA LIV05,BRINO BANANE,720,840,-120,OVER-SOLD
BIFA,BIFA LIV05,BRINO JUNIOR,2400,4080,-1680,OVER-SOLD
BIFA,BIFA LIV05,BRINO NOIR VANILLE,240,360,-120,OVER-SOLD
BIFA,BIFA LIV05,CELEBRITY BAR CAKE,8,7,1,OK
BIFA,BIFA LIV05,CELEBRITY BARRE,0,11,-11,OVER-SOLD
BIFA,BIFA LIV05,CELEBRITY BEST TIME,0,72,-72,OVER-SOLD
BIFA,BIFA LIV05,CELEBRITY BEST TIME 9PCS,0,32,-32,OVER-SOLD
BIFA,BIFA LIV05,CELEBRITY BROWNIE,16,27,-11,OVER-SOLD
BIFA,BIFA LIV05,CELEBRITY FONDANT,720,960,-240,OVER-SOLD
BIFA,BIFA LIV05,CELEBRITY MINI BAR,18,36,-18,OVER-SOLD
BIFA,BIFA LIV05,CELEBRITY TWIN,24,24,0,OK
BIFA,BIFA LIV05,CHAMIA  90G,336,576,-240,OVER-SOLD
BIFA,BIFA LIV05,CHAMIA 25G,90,93,-3,OVER-SOLD
BIFA,BIFA LIV05,CHAMIA 720 G,0,12,-12,OVER-SOLD
BIFA,BIFA LIV05,CHAMIA PAPILLON 350g ,0,21,-21,OVER-SOLD
BIFA,BIFA LIV05,CULINA PATE A GLACER PROFESSIONNEL,24,48,-24,OVER-SOLD
BIFA,BIFA LIV05,DADEY GM BLANC,0,24,-24,OVER-SOLD
BIFA,BIFA LIV05,DAILY COCKTAIL 20CL,150,750,-600,OVER-SOLD
BIFA,BIFA LIV05,DAILY JOY CHOCOLATE 125 ML,360,504,-144,OVER-SOLD
BIFA,BIFA LIV05,"DAILY JOY F BOIS 12,5CL",960,960,0,OK
BIFA,BIFA LIV05,"DAILY JOY FRAISE 12,5CL",960,960,0,OK
BIFA,BIFA LIV05,DAILY ORG 20CL,450,450,0,OK
BIFA,BIFA LIV05,DAILY ORG PECHE ABR 20CL,450,420,30,OK
BIFA,BIFA LIV05,DAILY JOY 12.5CL,1680,1680,0,OK
BIFA,BIFA LIV05,DOLCE TABLETTE CHOCOLAT,16,20,-4,OVER-SOLD
BIFA,BIFA LIV05,DOLCE WAFER COCOA,630,900,-270,OVER-SOLD
BIFA,BIFA LIV05,DOLCE WAFER COCOA PLUS,0,60,-60,OVER-SOLD
BIFA,BIFA LIV05,DUNAROLL MAXI CREME BLANCHE,0,30,-30,OVER-SOLD
BIFA,BIFA LIV05,DUNAROLL MAXI CREME CACAO,0,40,-40,OVER-SOLD
BIFA,BIFA LIV05,DUNAROLL ROUGE,1950,2130,-180,OVER-SOLD
BIFA,BIFA LIV05,FAMELIO,108,108,0,OK
BIFA,BIFA LIV05,KRISPINO MAX,8,11,-3,OVER-SOLD
BIFA,BIFA LIV05,KRISPINO WAFER,8,8,0,OK
BIFA,BIFA LIV05,MARSHMALLOW NOIX DE COCO X4,240,240,0,OK
BIFA,BIFA LIV05,MAX CREME,180,180,0,OK
BIFA,BIFA LIV05,MAX CREME NOIR,108,198,-90,OVER-SOLD
BIFA,BIFA LIV05,MINI CELEBRITY FONDANT,45,99,-54,OVER-SOLD
BIFA,BIFA LIV05,MINI TALENT CACAHOUETE,8,7,1,OK
BIFA,BIFA LIV05,MINI TALENT NOISETTES ET RAISINS SECS 70G,8,9,-1,OVER-SOLD
BIFA,BIFA LIV05,PETIT PALMIERS CHOCOLAT,0,24,-24,OVER-SOLD
BIFA,BIFA LIV05,RIGOLO,180,90,90,OK
BIFA,BIFA LIV05,ROND GAUF AU CACAHUETE,16,6,10,OK
BIFA,BIFA LIV05,ROYAL HALVA CHOCOLAT CHAMIA AMANDES,20,11,9,OK
BIFA,BIFA LIV05,STORY BARRE KUNAFA PISTACHE,16,21,-5,OVER-SOLD
BIFA,BIFA LIV05,STORY CHOCOLAT KUNAFA PISTACHE,12,18,-6,OVER-SOLD
BIFA,BIFA LIV05,STORY CHOCOLAT NOIR 70% CACAO,0,3,-3,OVER-SOLD
BIFA,BIFA LIV05,STORY CHOCOLAT SPECULOOS,0,7,-7,OVER-SOLD
BIFA,BIFA LIV05,SUCETTE KRISTOP FRUITE,0,9,-9,OVER-SOLD
BIFA,BIFA LIV05,TALENT AUX CACAHOUETES,8,15,-7,OVER-SOLD
BIFA,BIFA LIV05,TORTO,480,480,0,OK
BIFA,BIFA LIV05,WAFER CHOCO,900,1080,-180,OVER-SOLD
BIFA,BIFA LIV05,WAFERS GM CC,200,300,-100,OVER-SOLD
BIFA,BIFA LIV05,WAFERS GM VANILLE,200,300,-100,OVER-SOLD
BIFA,BIFA PLIV02,AVANTAGE,450,504,-54,OVER-SOLD
BIFA,BIFA PLIV02,BALBON FRUITE,2,6,-4,OVER-SOLD
BIFA,BIFA PLIV02,BALBON REGLISE,41,43,-2,OVER-SOLD
BIFA,BIFA PLIV02,BENITO CM6,396,468,-72,OVER-SOLD
BIFA,BIFA PLIV02,BESBOUSSA,0,32,-32,OVER-SOLD
BIFA,BIFA PLIV02,BESTO BLANCO X4,168,288,-120,OVER-SOLD
BIFA,BIFA PLIV02,BESTO CACAO,80,80,0,OK
BIFA,BIFA PLIV02,BESTO NOIR PM,1344,2208,-864,OVER-SOLD
BIFA,BIFA PLIV02,BESTO NOIRCO 7 PCS,240,240,0,OK
BIFA,BIFA PLIV02,BIG FAMILY CC 8,64,104,-40,OVER-SOLD
BIFA,BIFA PLIV02,BISCUIT RS DUO,9,12,-3,OVER-SOLD
BIFA,BIFA PLIV02,BISCUIT SPECULOOS,60,80,-20,OVER-SOLD
BIFA,BIFA PLIV02,BONITO CHOCOLAT,168,216,-48,OVER-SOLD
BIFA,BIFA PLIV02,BONITO PEANUTS,192,216,-24,OVER-SOLD
BIFA,BIFA PLIV02,BRAVA BISCUIT SANDWICH,132,132,0,OK
BIFA,BIFA PLIV02,BRAVA CHOCOLAT CACAHUETE,22,22,0,OK
BIFA,BIFA PLIV02,BRAVA MINI CHOCOLAT CACAHUETE,35,35,0,OK
BIFA,BIFA PLIV02,BREAK ROLL,108,216,-108,OVER-SOLD
BIFA,BIFA PLIV02,BRINO BANANE,1032,1008,24,OK
BIFA,BIFA PLIV02,BRINO JUNIOR,6336,6960,-624,OVER-SOLD
BIFA,BIFA PLIV02,BRINO NOIR VANILLE,144,240,-96,OVER-SOLD
BIFA,BIFA PLIV02,CELEBRITY BAR CAKE,4,4,0,OK
BIFA,BIFA PLIV02,CELEBRITY BARRE,0,1,-1,OVER-SOLD
BIFA,BIFA PLIV02,CELEBRITY BEST TIME,48,48,0,OK
BIFA,BIFA PLIV02,CELEBRITY BROWNIE,39,40,-1,OVER-SOLD
BIFA,BIFA PLIV02,CELEBRITY FONDANT,1128,1368,-240,OVER-SOLD
BIFA,BIFA PLIV02,CELEBRITY MINI BAR,42,49,-7,OVER-SOLD
BIFA,BIFA PLIV02,CELEBRITY TWIN,48,50,-2,OVER-SOLD
BIFA,BIFA PLIV02,CHAMIA  90G,144,360,-216,OVER-SOLD
BIFA,BIFA PLIV02,CHAMIA 25G,44,50,-6,OVER-SOLD
BIFA,BIFA PLIV02,CHAMIA 720 G,10,10,0,OK
BIFA,BIFA PLIV02,CULINA PATE A GLACER PROFESSIONNEL,168,204,-36,OVER-SOLD
BIFA,BIFA PLIV02,DAILY COCKTAIL 20CL,1110,1560,-450,OVER-SOLD
BIFA,BIFA PLIV02,DAILY JOY CHOCOLATE 125 ML,240,288,-48,OVER-SOLD
BIFA,BIFA PLIV02,"DAILY JOY F BOIS 12,5CL",1200,1200,0,OK
BIFA,BIFA PLIV02,"DAILY JOY FRAISE 12,5CL",960,960,0,OK
BIFA,BIFA PLIV02,DAILY ORG 20CL,150,150,0,OK
BIFA,BIFA PLIV02,DAILY ORG PECHE ABR 20CL,30,30,0,OK
BIFA,BIFA PLIV02,DAILY JOY 12.5CL,3936,4656,-720,OVER-SOLD
BIFA,BIFA PLIV02,DOLCE TABLETTE CHOCOLAT,21,21,0,OK
BIFA,BIFA PLIV02,DOLCE WAFER COCOA,1200,1230,-30,OVER-SOLD
BIFA,BIFA PLIV02,DOLCE WAFER COCOA PLUS,195,195,0,OK
BIFA,BIFA PLIV02,DUNAROLL MAXI CREME BLANCHE,10,10,0,OK
BIFA,BIFA PLIV02,DUNAROLL ROUGE,810,960,-150,OVER-SOLD
BIFA,BIFA PLIV02,FAMELIO,264,288,-24,OVER-SOLD
BIFA,BIFA PLIV02,KRISPINO MAX,3,3,0,OK
BIFA,BIFA PLIV02,MARSHMALLOW NOIX DE COCO X4,144,144,0,OK
BIFA,BIFA PLIV02,MAX CREME,234,306,-72,OVER-SOLD
BIFA,BIFA PLIV02,MAX CREME NOIR,342,396,-54,OVER-SOLD
BIFA,BIFA PLIV02,MINI CELEBRITY FONDANT,135,153,-18,OVER-SOLD
BIFA,BIFA PLIV02,MINI TALENT CACAHOUETE,5,5,0,OK
BIFA,BIFA PLIV02,MINI TALENT NOISETTES ET RAISINS SECS 70G,1,1,0,OK
BIFA,BIFA PLIV02,MONTANA,1,1,0,OK
BIFA,BIFA PLIV02,PATE A TARTINER AUX NOISETTES 750g,12,12,0,OK
BIFA,BIFA PLIV02,RIGOLO,126,144,-18,OVER-SOLD
BIFA,BIFA PLIV02,ROND GAUF AU CACAHUETE,2,2,0,OK
BIFA,BIFA PLIV02,ROYAL HALVA CHOCOLAT CHAMIA AMANDES,14,15,-1,OVER-SOLD
BIFA,BIFA PLIV02,STORY BARRE KUNAFA PISTACHE,16,18,-2,OVER-SOLD
BIFA,BIFA PLIV02,STORY CHOCOLAT KUNAFA PISTACHE,25,26,-1,OVER-SOLD
BIFA,BIFA PLIV02,SUCETTE KRISTOP FRUITE,3,3,0,OK
BIFA,BIFA PLIV02,TALENT AUX CACAHOUETES,3,3,0,OK
BIFA,BIFA PLIV02,TORTO,768,1536,-768,OVER-SOLD
BIFA,BIFA PLIV02,WAFER CHOCO,1665,1890,-225,OVER-SOLD
BIFA,BIFA PLIV02,WAFERS GM CC,700,1040,-340,OVER-SOLD
BIFA,BIFA PLIV02,WAFERS GM CITRON,0,220,-220,OVER-SOLD
BIFA,BIFA PLIV02,WAFERS GM VANILLE,460,580,-120,OVER-SOLD
BIFA,BIFA PSLIV01,BRINO JUNIOR,5760,5760,0,OK
BIFA,BIFA PSLIV01,CELEBRITY FONDANT,2400,2400,0,OK
BIFA,BIFA PSLIV01,CELEBRITY TWIN,200,200,0,OK
BIFA,BIFA PSLIV01,DUNAROLL MAXI CREME CACAO,1040,1040,0,OK
BIFA,BIFA PSLIV01,DUNAROLL ROUGE,8100,4800,3300,OK
DELISKY,DELISKY LIV01,BONBON MONTIKO AU CACAHUETE CARAMEL 150 PCS,0,1,-1,OVER-SOLD
DELISKY,DELISKY LIV01,BONBON TOFFINI 120 Pcs,0,4,-4,OVER-SOLD
DELISKY,DELISKY LIV01,BONBON JELLIFIA 150 PCS,8,8,0,OK
DELISKY,DELISKY LIV01,CHAMIA KHAIMA 1900G PISTACHE AMANDE CHOCO,0,2,-2,OVER-SOLD
DELISKY,DELISKY LIV01,CHAMIA KHAIMA 330G AMANDE CHOCO PISTACHE,0,36,-36,OVER-SOLD
DELISKY,DELISKY LIV01,CHAMIA KHAIMA 3KG CHOCO AMANDE PISTACHE,15,20,-5,OVER-SOLD
DELISKY,DELISKY LIV01,CHAMIA KHAIMA 4KG CHOCO PISTACHE AMANDE,3,9,-6,OVER-SOLD
DELISKY,DELISKY LIV01,CHAMIA KHAIMA 80G(Matty Nova),96,166,-70,OVER-SOLD
DELISKY,DELISKY LIV01,CHAMIA KHAIMA 900G AMANDE PISTACHE,0,1,-1,OVER-SOLD
DELISKY,DELISKY LIV01,CHAMIA KHAIMA SNIOUA,0,6,-6,OVER-SOLD
DELISKY,DELISKY LIV01,CHAMIA KHAIMA 140G,0,30,-30,OVER-SOLD
DELISKY,DELISKY LIV01,CHAMIA KHAIMA 150G,0,61,-61,OVER-SOLD
DELISKY,DELISKY LIV01,CHAMIA KHAIMA 250G PISTACHE,24,64,-40,OVER-SOLD
DELISKY,DELISKY LIV01,CHAMIA KHAIMA 280G,0,1,-1,OVER-SOLD
DELISKY,DELISKY LIV01,CHAMIA KHAIMA 500G AMANDE PISTACHE CHOCO,10,0,10,OK
DELISKY,DELISKY LIV01,CHAMIA KHAIMA 100G PISTACHE/AMANDE,0,39,-39,OVER-SOLD
DELISKY,DELISKY LIV01,CHOCOLAT BAR MONTIMIX,6,5,1,OK
DELISKY,DELISKY LIV01,CHOCOLAT CHOCOTY ,0,152,-152,OVER-SOLD
DELISKY,DELISKY LIV01,CHOCOMORE CHOCOLAT 24P,0,1,-1,OVER-SOLD
DELISKY,DELISKY LIV01,CHOCOMORE SWISSLY CHOCOLAT,32,48,-16,OVER-SOLD
DELISKY,DELISKY LIV01,CHOCOMORE SWISSLY FRAISE,32,24,8,OK
DELISKY,DELISKY LIV01,CHOCOMORE CARAMEL 24P,15,16,-1,OVER-SOLD
DELISKY,DELISKY LIV01,CHOCOMORE CHOCOLAT 36P,0,2,-2,OVER-SOLD
DELISKY,DELISKY LIV01,CHOCOMORE ORANGE 24P,2,4,-2,OVER-SOLD
DELISKY,DELISKY LIV01,CHOCOMORE VANILLE 24P,13,11,2,OK
DELISKY,DELISKY LIV01,CHOCOTY SACHET,18,17,1,OK
DELISKY,DELISKY LIV01,COMPOTE POMME ABRICOT,54,22,32,OK
DELISKY,DELISKY LIV01,COMPOTE POMME FRAISE BANANE,0,40,-40,OVER-SOLD
DELISKY,DELISKY LIV01,COMPOTE POMME FRAISE BANANE SANS SUCRE,72,74,-2,OVER-SOLD
DELISKY,DELISKY LIV01,DELISTARE 03PCS 48P,10,25,-15,OVER-SOLD
DELISKY,DELISKY LIV01,DELISTARE 06PCS 24P,0,1,-1,OVER-SOLD
DELISKY,DELISKY LIV01,FLIPI 04PCS * 24P,6,12,-6,OVER-SOLD
DELISKY,DELISKY LIV01,FLIPI CHOCO BISC,24,24,0,OK
DELISKY,DELISKY LIV01,FLIPI FROZA BISC,2,3,-1,OVER-SOLD
DELISKY,DELISKY LIV01,FLIPI SANDWICH 2Pcs  x 48,30,39,-9,OVER-SOLD
DELISKY,DELISKY LIV01,FLIPI SIGARO 20Pcs,12,19,-7,OVER-SOLD
DELISKY,DELISKY LIV01,FRESHGUM CHEWING-GUM,0,20,-20,OVER-SOLD
DELISKY,DELISKY LIV01,GAUFRETTE PINOU,15,28,-13,OVER-SOLD
DELISKY,DELISKY LIV01,IDOL COCO GALETTE ,10,14,-4,OVER-SOLD
DELISKY,DELISKY LIV01,IDOL FINGER 3,57,64,-7,OVER-SOLD
DELISKY,DELISKY LIV01,IDOL FINGER 6 ,23,35,-12,OVER-SOLD
DELISKY,DELISKY LIV01,IDOL PETIT BEURRE 5,0,11,-11,OVER-SOLD
DELISKY,DELISKY LIV01,MANDALA 4PCS SAV NOISETTE,0,12,-12,OVER-SOLD
DELISKY,DELISKY LIV01,MINI CARAMBAR MONTIKO,0,1,-1,OVER-SOLD
DELISKY,DELISKY LIV01,ORYA  AKDA 03KG,4,0,4,OK
DELISKY,DELISKY LIV01,SAGA GAUFRETTE,20,26,-6,OVER-SOLD
DELISKY,DELISKY LIV01,SANDWICH CHERCHEL,24,31,-7,OVER-SOLD
DELISKY,DELISKY LIV02,BONBON TOFFINI 120 Pcs,0,1,-1,OVER-SOLD
DELISKY,DELISKY LIV02,BONBON JELLIFIA 150 PCS,0,9,-9,OVER-SOLD
DELISKY,DELISKY LIV02,CHAMIA BOSPHORE 1KG SPECIALE,0,2,-2,OVER-SOLD
DELISKY,DELISKY LIV02,CHAMIA KHAIMA 4KG CHOCO PISTACHE AMANDE,3,6,-3,OVER-SOLD
DELISKY,DELISKY LIV02,CHAMIA KHAIMA 4KG VANILLE,0,1,-1,OVER-SOLD
DELISKY,DELISKY LIV02,CHAMIA KHAIMA 80G(Matty Nova),216,192,24,OK
DELISKY,DELISKY LIV02,CHAMIA KHAIMA SNIOUA,0,8,-8,OVER-SOLD
DELISKY,DELISKY LIV02,CHAMIA KHAIMA 140G,0,40,-40,OVER-SOLD
DELISKY,DELISKY LIV02,CHAMIA KHAIMA 150G,0,19,-19,OVER-SOLD
DELISKY,DELISKY LIV02,CHAMIA KHAIMA 250G PISTACHE,0,34,-34,OVER-SOLD
DELISKY,DELISKY LIV02,CHAMIA KHAIMA 280G,0,45,-45,OVER-SOLD
DELISKY,DELISKY LIV02,CHAMIA KHAIMA 500G AMANDE PISTACHE CHOCO,0,2,-2,OVER-SOLD
DELISKY,DELISKY LIV02,CHAMIA KHAIMA 100G PISTACHE/AMANDE,0,24,-24,OVER-SOLD
DELISKY,DELISKY LIV02,CHOCOLAT BAR MONTIMIX,0,2,-2,OVER-SOLD
DELISKY,DELISKY LIV02,CHOCOLAT CHOCOTY ,60,210,-150,OVER-SOLD
DELISKY,DELISKY LIV02,CHOCOMORE CHOCOLAT 24P,0,3,-3,OVER-SOLD
DELISKY,DELISKY LIV02,CHOCOMORE SWISSLY CHOCOLAT,64,80,-16,OVER-SOLD
DELISKY,DELISKY LIV02,CHOCOMORE SWISSLY FRAISE,48,94,-46,OVER-SOLD
DELISKY,DELISKY LIV02,CHOCOMORE CARAMEL 24P,5,8,-3,OVER-SOLD
DELISKY,DELISKY LIV02,CHOCOMORE CHOCOLAT 36P,0,1,-1,OVER-SOLD
DELISKY,DELISKY LIV02,CHOCOMORE ORANGE 24P,0,3,-3,OVER-SOLD
DELISKY,DELISKY LIV02,CHOCOMORE VANILLE 24P,3,5,-2,OVER-SOLD
DELISKY,DELISKY LIV02,CHOCOTY SACHET,6,15,-9,OVER-SOLD
DELISKY,DELISKY LIV02,COMPOTE POMME ABRICOT,18,16,2,OK
DELISKY,DELISKY LIV02,COMPOTE POMME FRAISE BANANE,18,33,-15,OVER-SOLD
DELISKY,DELISKY LIV02,DELISTARE 03PCS 48P,30,40,-10,OVER-SOLD
DELISKY,DELISKY LIV02,DELISTARE 06PCS 24P,0,1,-1,OVER-SOLD
DELISKY,DELISKY LIV02,FLAURA CHEWINGUM,0,15,-15,OVER-SOLD
DELISKY,DELISKY LIV02,FLIPI 04PCS * 24P,18,8,10,OK
DELISKY,DELISKY LIV02,FLIPI CHOCO BISC,0,24,-24,OVER-SOLD
DELISKY,DELISKY LIV02,FLIPI FROZA BISC,0,2,-2,OVER-SOLD
DELISKY,DELISKY LIV02,FLIPI SANDWICH 2Pcs  x 48,26,27,-1,OVER-SOLD
DELISKY,DELISKY LIV02,FLIPI SIGARO 20Pcs,11,23,-12,OVER-SOLD
DELISKY,DELISKY LIV02,FRESHGUM CHEWING-GUM,0,9,-9,OVER-SOLD
DELISKY,DELISKY LIV02,GAUFRETTE FAVORITA,0,1,-1,OVER-SOLD
DELISKY,DELISKY LIV02,GAUFRETTE PINOU,30,40,-10,OVER-SOLD
DELISKY,DELISKY LIV02,IDOL FINGER 3,43,53,-10,OVER-SOLD
DELISKY,DELISKY LIV02,IDOL FINGER 6 ,28,38,-10,OVER-SOLD
DELISKY,DELISKY LIV02,IDOL PETIT BEURRE 5,0,2,-2,OVER-SOLD
DELISKY,DELISKY LIV02,IDOL SUPER KING VANILLA 300G,0,1,-1,OVER-SOLD
DELISKY,DELISKY LIV02,JELLY NOVA 150PCS  توت ,0,1,-1,OVER-SOLD
DELISKY,DELISKY LIV02,MANDALA 4PCS SAV NOISETTE,23,29,-6,OVER-SOLD
DELISKY,DELISKY LIV02,MANDALA CHOCO 10 PCS,0,1,-1,OVER-SOLD
DELISKY,DELISKY LIV02,SAGA GAUFRETTE,34,44,-10,OVER-SOLD
DELISKY,DELISKY LIV02,SANDWICH CHERCHEL,27,29,-2,OVER-SOLD
NITA,NITA LIV01,AROME VANILLE ABIAPRO 04KG,2,0,2,OK
NITA,NITA LIV01,BOUILLON EN CUBE NAWAL 10GR PROMOTION,6,0,6,OK
NITA,NITA LIV01,BUBBLE GUM CAPRICE P 205B,32,0,32,OK
NITA,NITA LIV01,BUBBLE GUM F-R BOITE N202B,32,0,32,OK
NITA,NITA LIV01,BUBBLE GUM FRUITS ROUGES SAC N202,12,0,12,OK
NITA,NITA LIV01,BUBBLE GUM MULTI FRUITS SAC N201,12,0,12,OK
NITA,NITA LIV01,BUBBLE GUM ASSORTIS MÉLANGE PM ,30,0,30,OK
NITA,NITA LIV01,CACAO 04KG,4,0,4,OK
NITA,NITA LIV01,CAPRICE  CHOCO BOITE N302,8,0,8,OK
NITA,NITA LIV01,CAPRICE  CHOCO SAC N102,24,0,24,OK
NITA,NITA LIV01,CAPRICE CAFE 305 B,8,0,8,OK
NITA,NITA LIV01,CAPRICE CAFÉ SAC N105,12,0,12,OK
NITA,NITA LIV01,CAPRICE CARAMEL 500G  CACAO 502,48,0,48,OK
NITA,NITA LIV01,CAPRICE LIQUIDE CHOCO BOITE 300G 352,144,0,144,OK
NITA,NITA LIV01,CAPRICE MENTHE 104,12,0,12,OK
NITA,NITA LIV01,CAPRICE MENTHE BOITE  N304,8,0,8,OK
NITA,NITA LIV01,CAPRICE RÉGLISSE SAC N103,24,0,24,OK
NITA,NITA LIV01,CAPRICE STICK CHOCO N307,8,0,8,OK
NITA,NITA LIV01,CAPRICE STICK CHOCO SAC PM N311,30,0,30,OK
NITA,NITA LIV01,CAPRICE STICK TOFFEE BOITE N306,8,0,8,OK
NITA,NITA LIV01,CAPRICE TOFFEE SAC N101,12,0,12,OK
NITA,NITA LIV01,CAPRICE LIQUIDE CHOCO BOITE 500G 322,72,0,72,OK
NITA,NITA LIV01,CAPRICE LIQUIDE TOFFEE BOITE 500GR 321,72,0,72,OK
NITA,NITA LIV01,CARAMEL CAPRICE BOITE A 60,6,0,6,OK
NITA,NITA LIV01,CHEWING GUM STICK MENTHE 5×20 N210,40,0,40,OK
NITA,NITA LIV01,CHEWING GUM STICK PASTÈQUE 5×20 N212,40,0,40,OK
NITA,NITA LIV01,CHOOPITOS BAR,4,0,4,OK
NITA,NITA LIV01,CHOOPITOS X8,5,0,5,OK
NITA,NITA LIV01,CREME CHANTILLY 02KG ABIAPRO BOITE,2,0,2,OK
NITA,NITA LIV01,CREME CHANTILLY 02KG PRESTY,2,0,2,OK
NITA,NITA LIV01,CREME CHANTILLY 05KG ABIAPRO SAC Bnina Bezaf,2,0,2,OK
NITA,NITA LIV01,CREME CHANTILLY 200GR SACHET,2,0,2,OK
NITA,NITA LIV01,CREME CHANTILLY 50GR,2,0,2,OK
NITA,NITA LIV01,CREME CHANTILLY ABIAPRO HAYLA + 2KG,2,0,2,OK
NITA,NITA LIV01,CREME CHANTILLY NAWAL 5KG SAC,2,0,2,OK
NITA,NITA LIV01,CREME DE RIZ 120GR,2,0,2,OK
NITA,NITA LIV01,CREME DESSERT CHOCO 50GR,2,0,2,OK
NITA,NITA LIV01,CREME DIPLOMATE NAWAL 50G,2,0,2,OK
NITA,NITA LIV01,CREME PATISSIERE 50GR CHOCO FRAISE,2,0,2,OK
NITA,NITA LIV01,CREME TIRAMISU 1.5KG,2,0,2,OK
NITA,NITA LIV01,FLAN NAWAL 100GR PROMOTION,8,0,8,OK
NITA,NITA LIV01,FLAN NAWAL 50G BOITE,4,0,4,OK
NITA,NITA LIV01,FLAN NAWAL LIGHT 10GR ,2,0,2,OK
NITA,NITA LIV01,LEVURE CHIMIQUE NAWAL 10GR,5,0,5,OK
NITA,NITA LIV01,MOUSSE CHOCO 1.5KG,2,0,2,OK
NITA,NITA LIV01,MOUSSE CHOCO 50GR,2,0,2,OK
NITA,NITA LIV01,NITA BROWNIE,20,0,20,OK
NITA,NITA LIV01,NITA DOPPIO VANILLA CHOCOLATE,5,0,5,OK
NITA,NITA LIV01,NITA DOPPIO VANILLA STRAWBERRY,5,0,5,OK
NITA,NITA LIV01,NITA GRAND BISCUIT CHOCOLAT,5,0,5,OK
NITA,NITA LIV01,NITA GRAND BISCUIT VANILLE CHOCOLAT,5,0,5,OK
NITA,NITA LIV01,NITA GRAND BISCUIT VANILLE FRAISE,5,0,5,OK
NITA,NITA LIV01,NITA GRANO,5,0,5,OK
NITA,NITA LIV01,NITA MARSHMALLOW,2,0,2,OK
NITA,NITA LIV01,NITA MINI BROWNIE CHOCOLAT ,40,0,40,OK
NITA,NITA LIV01,NITA MOLTO,10,0,10,OK
NITA,NITA LIV01,NITA MOLTO GM,6,0,6,OK
NITA,NITA LIV01,NITA MUFFINS COCOA CHOCOLAT,16,0,16,OK
NITA,NITA LIV01,NITA PERFECTO,6,0,6,OK
NITA,NITA LIV01,NITA PIPINO PISTACHIO,4,0,4,OK
NITA,NITA LIV01,NITA RIVA,6,0,6,OK
NITA,NITA LIV01,NITA SELECTION KUNAFA PISTACHE,5,0,5,OK
NITA,NITA LIV01,NITA SO OVALO,20,0,20,OK
NITA,NITA LIV01,NITA SO WAFER CHOCOLAT,5,0,5,OK
NITA,NITA LIV01,NITA SO WAFER NOISETTE,5,0,5,OK
NITA,NITA LIV01,NITA SPECULOOS,8,0,8,OK
NITA,NITA LIV01,NITA THE BALL,20,0,20,OK
NITA,NITA LIV01,PÂTE À MÂCHER FRUITÉS PM N403,30,0,30,OK
NITA,NITA LIV01,PÂTE À MÂCHER FRUITÉS SAC GM 400S,12,0,12,OK
NITA,NITA LIV01,PÂTE À MÂCHER STICK FRUITÉS BOITE 401B,8,0,8,OK
NITA,NITA LIV01,PÂTE À MÂCHER STICK FRUITÉS PM N404,30,0,30,OK
NITA,NITA LIV02,BOUILLON EN CUBE NAWAL 10GR PROMOTION,0,4,-4,OVER-SOLD
NITA,NITA LIV02,BUBBLE GUM CAPRICE P 205B,32,30,2,OK
NITA,NITA LIV02,BUBBLE GUM F-R BOITE N202B,24,29,-5,OVER-SOLD
NITA,NITA LIV02,BUBBLE GUM FRUITS ROUGES SAC N202,12,13,-1,OVER-SOLD
NITA,NITA LIV02,BUBBLE GUM MENTHE BOITE N204B,24,26,-2,OVER-SOLD
NITA,NITA LIV02,BUBBLE GUM MULTI FRUITS SAC N201,12,12,0,OK
NITA,NITA LIV02,CAPRICE  CHOCO SAC N102,36,24,12,OK
NITA,NITA LIV02,CAPRICE CAFÉ SAC N105,0,3,-3,OVER-SOLD
NITA,NITA LIV02,CAPRICE CARAMEL 500G  CACAO 502,36,73,-37,OVER-SOLD
NITA,NITA LIV02,CAPRICE LIQUIDE CHOCO BOITE 300G 352,240,72,168,OK
NITA,NITA LIV02,CAPRICE MENTHE 104,0,7,-7,OVER-SOLD
NITA,NITA LIV02,CAPRICE RÉGLISSE SAC N103,0,2,-2,OVER-SOLD
NITA,NITA LIV02,CAPRICE STICK CHOCO N307,8,23,-15,OVER-SOLD
NITA,NITA LIV02,CAPRICE STICK TOFFEE BOITE N306,8,10,-2,OVER-SOLD
NITA,NITA LIV02,CAPRICE TOFFEE SAC N101,12,4,8,OK
NITA,NITA LIV02,CAPRICE LIQUIDE CHOCO BOITE 500G 322,60,61,-1,OVER-SOLD
NITA,NITA LIV02,CAPRICE LIQUIDE TOFFEE BOITE 500GR 321,60,62,-2,OVER-SOLD
NITA,NITA LIV02,CHEWING GUM STICK MENTHE 5×20 N210,0,21,-21,OVER-SOLD
NITA,NITA LIV02,CHEWING GUM STICK PASTÈQUE 5×20 N212,0,25,-25,OVER-SOLD
NITA,NITA LIV02,CREME CHANTILLY 02KG ABIAPRO BOITE,3,4,-1,OVER-SOLD
NITA,NITA LIV02,CREME CHANTILLY 02KG PRESTY,3,3,0,OK
NITA,NITA LIV02,CREME CHANTILLY 05KG ABIAPRO SAC Bnina Bezaf,6,6,0,OK
NITA,NITA LIV02,CREME CHANTILLY 200GR SACHET,0,1,-1,OVER-SOLD
NITA,NITA LIV02,CREME CHANTILLY ABIAPRO HAYLA + 2KG,3,3,0,OK
NITA,NITA LIV02,CREME CHANTILLY NAWAL 5KG SAC,22,23,-1,OVER-SOLD
NITA,NITA LIV02,CREME DIPLOMATE NAWAL 50G,3,0,3,OK
NITA,NITA LIV02,FLAN NAWAL 100GR PROMOTION,0,9,-9,OVER-SOLD
NITA,NITA LIV02,LEVURE CHIMIQUE NAWAL 10GR,0,1,-1,OVER-SOLD
NITA,NITA LIV02,NITA BROWNIE,35,29,6,OK
NITA,NITA LIV02,NITA GRAND BISCUIT CHOCOLAT,0,1,-1,OVER-SOLD
NITA,NITA LIV02,NITA GRAND BISCUIT VANILLE FRAISE,0,1,-1,OVER-SOLD
NITA,NITA LIV02,NITA GRANO,0,2,-2,OVER-SOLD
NITA,NITA LIV02,NITA MARSHMALLOW,0,1,-1,OVER-SOLD
NITA,NITA LIV02,NITA MINI BROWNIE CHOCOLAT ,160,48,112,OK
NITA,NITA LIV02,NITA MOLTO,17,23,-6,OVER-SOLD
NITA,NITA LIV02,NITA MOLTO GM,10,5,5,OK
NITA,NITA LIV02,NITA MUFFINS COCOA CHOCOLAT,30,19,11,OK
NITA,NITA LIV02,NITA PERFECTO,6,8,-2,OVER-SOLD
NITA,NITA LIV02,NITA PIPINO PISTACHIO,0,3,-3,OVER-SOLD
NITA,NITA LIV02,NITA RIVA,3,6,-3,OVER-SOLD
NITA,NITA LIV02,NITA SO OVALO,70,56,14,OK
NITA,NITA LIV02,NITA SO WAFER CHOCOLAT,5,4,1,OK
NITA,NITA LIV02,NITA SPECULOOS,0,7,-7,OVER-SOLD
NITA,NITA LIV02,NITA THE BALL,55,45,10,OK
NITA,NITA LIV02,PÂTE À MÂCHER FRUITÉS SAC GM 400S,12,34,-22,OVER-SOLD
NITA,NITA LIV02,PÂTE À MÂCHER STICK FRUITÉS BOITE 401B,0,8,-8,OVER-SOLD
NITA,NITA LIV02,PÂTE À MÂCHER STICK FRUITÉS PM N404,0,10,-10,OVER-SOLD
NITA,NITA LIV02,VANILLE 60G,0,3,-3,OVER-SOLD
NITA,NITA LIV03,BOUILLON NAWAL 10GR POULET BARQUETTE DE 6,6,0,6,OK
NITA,NITA LIV03,BUBBLE GUM CAPRICE P 205B,40,39,1,OK
NITA,NITA LIV03,BUBBLE GUM F-R BOITE N202B,16,19,-3,OVER-SOLD
NITA,NITA LIV03,BUBBLE GUM FRUITS ROUGES SAC N202,12,16,-4,OVER-SOLD
NITA,NITA LIV03,BUBBLE GUM MENTHE BOITE N204B,40,31,9,OK
NITA,NITA LIV03,BUBBLE GUM MULTI FRUITS SAC N201,0,3,-3,OVER-SOLD
NITA,NITA LIV03,CAPRICE  CHOCO BOITE N302,8,8,0,OK
NITA,NITA LIV03,CAPRICE  CHOCO SAC N102,24,25,-1,OVER-SOLD
NITA,NITA LIV03,CAPRICE  TOFFEE BOITE 301B,0,8,-8,OVER-SOLD
NITA,NITA LIV03,CAPRICE CAFE 305 B,8,8,0,OK
NITA,NITA LIV03,CAPRICE CAFÉ SAC N105,12,20,-8,OVER-SOLD
NITA,NITA LIV03,CAPRICE CARAMEL 500G  CACAO 502,48,65,-17,OVER-SOLD
NITA,NITA LIV03,CAPRICE LIQUIDE CHOCO BOITE 300G 352,168,6,162,OK
NITA,NITA LIV03,CAPRICE MENTHE 104,0,13,-13,OVER-SOLD
NITA,NITA LIV03,CAPRICE RÉGLISSE SAC N103,0,3,-3,OVER-SOLD
NITA,NITA LIV03,CAPRICE STICK CHOCO N307,8,7,1,OK
NITA,NITA LIV03,CAPRICE STICK TOFFEE BOITE N306,0,2,-2,OVER-SOLD
NITA,NITA LIV03,CAPRICE TOFFEE SAC N101,0,3,-3,OVER-SOLD
NITA,NITA LIV03,CAPRICE LIQUIDE CHOCO BOITE 500G 322,0,22,-22,OVER-SOLD
NITA,NITA LIV03,CAPRICE LIQUIDE TOFFEE BOITE 500GR 321,0,18,-18,OVER-SOLD
NITA,NITA LIV03,CHEWING GUM STICK MENTHE 5×20 N210,0,22,-22,OVER-SOLD
NITA,NITA LIV03,CHEWING GUM STICK PASTÈQUE 5×20 N212,0,19,-19,OVER-SOLD
NITA,NITA LIV03,CHOOPITOS BAR,12,9,3,OK
NITA,NITA LIV03,CREME CHANTILLY 02KG ABIAPRO BOITE,2,2,0,OK
NITA,NITA LIV03,CREME CHANTILLY 02KG PRESTY,3,2,1,OK
NITA,NITA LIV03,CREME CHANTILLY 50GR,0,2,-2,OVER-SOLD
NITA,NITA LIV03,CREME CHANTILLY ABIAPRO HAYLA + 2KG,2,2,0,OK
NITA,NITA LIV03,CREME CHANTILLY NAWAL 5KG SAC,2,1,1,OK
NITA,NITA LIV03,CREME DE RIZ 120GR,5,3,2,OK
NITA,NITA LIV03,CREME DESSERT CHOCO 50GR,0,1,-1,OVER-SOLD
NITA,NITA LIV03,CREME DIPLOMATE NAWAL 50G,3,0,3,OK
NITA,NITA LIV03,LEVURE CHIMIQUE NAWAL 10GR,9,0,9,OK
NITA,NITA LIV03,MINI CHOOPITOS 48Pcs,12,10,2,OK
NITA,NITA LIV03,NITA BROWNIE,35,28,7,OK
NITA,NITA LIV03,NITA DOPPIO VANILLA CHOCOLATE,2,0,2,OK
NITA,NITA LIV03,NITA GRAND BISCUIT CHOCOLAT,2,2,0,OK
NITA,NITA LIV03,NITA MARSHMALLOW,1,3,-2,OVER-SOLD
NITA,NITA LIV03,NITA MINI BROWNIE CHOCOLAT ,120,88,32,OK
NITA,NITA LIV03,NITA MOLTO,9,14,-5,OVER-SOLD
NITA,NITA LIV03,NITA MOLTO GM,3,5,-2,OVER-SOLD
NITA,NITA LIV03,NITA MUFFINS COCOA CHOCOLAT,36,25,11,OK
NITA,NITA LIV03,NITA PERFECTO,6,12,-6,OVER-SOLD
NITA,NITA LIV03,NITA PIPINO PISTACHIO,4,4,0,OK
NITA,NITA LIV03,NITA RIVA,0,3,-3,OVER-SOLD
NITA,NITA LIV03,NITA SELECTION KUNAFA PISTACHE,0,3,-3,OVER-SOLD
NITA,NITA LIV03,NITA SO OVALO,41,33,8,OK
NITA,NITA LIV03,NITA SO WAFER CHOCOLAT,3,3,0,OK
NITA,NITA LIV03,NITA SPECULOOS,0,2,-2,OVER-SOLD
NITA,NITA LIV03,NITA THE BALL,40,32,8,OK
NITA,NITA LIV03,PÂTE À MÂCHER FRUITÉS SAC GM 400S,12,25,-13,OVER-SOLD
NITA,NITA LIV03,PÂTE À MÂCHER STICK FRUITÉS BOITE 401B,0,13,-13,OVER-SOLD
NITA,NITA LIV03,VANILLE 60G,0,1,-1,OVER-SOLD
