Company,VAN,Article,Opening_Qty,Qty_Loaded,Qty_Sold,Total_In,Stock_Left,Status
BIFA,BIFA LIV01,AVANTAGE,180,378,432,558,126,OK
BIFA,BIFA LIV01,BALBON FRUITE,27,24,27,51,24,OK
BIFA,BIFA LIV01,BALBON REGLISE,18,8,8,26,18,OK
BIFA,BIFA LIV01,BENITO CM6,90,144,216,234,18,OK
BIFA,BIFA LIV01,BESBOUSSA,128,448,480,576,96,OK
BIFA,BIFA LIV01,BESTO BLANCO X4,192,240,432,432,0,OK
BIFA,BIFA LIV01,BESTO CACAO,100,100,120,200,80,OK
BIFA,BIFA LIV01,BESTO NOIR PM,432,720,1152,1152,0,OK
BIFA,BIFA LIV01,BESTO NOIRCO 7 PCS,120,240,240,360,120,OK
BIFA,BIFA LIV01,BIG FAMILY CC 8,40,72,112,112,0,OK
BIFA,BIFA LIV01,BISCUIT RS DUO,12,16,27,28,1,OK
BIFA,BIFA LIV01,BISCUIT SPECULOOS,100,260,300,360,60,OK
BIFA,BIFA LIV01,BISCUIT SPECULOOS CRUMBS,40,30,50,70,20,OK
BIFA,BIFA LIV01,BONITO CHOCOLAT,144,192,336,336,0,OK
BIFA,BIFA LIV01,BONITO PEANUTS,120,120,240,240,0,OK
BIFA,BIFA LIV01,BRAVA BISCUIT SANDWICH,72,0,0,72,72,OK
BIFA,BIFA LIV01,BRAVA CHOCOLAT CACAHUETE,8,20,9,28,19,OK
BIFA,BIFA LIV01,BRAVA MINI CHOCOLAT CACAHUETE,23,0,19,23,4,OK
BIFA,BIFA LIV01,BRAVA TWIST ECLATS NOISETTES,7,0,0,7,7,OK
BIFA,BIFA LIV01,BREAK ROLL,144,108,216,252,36,OK
BIFA,BIFA LIV01,BRINO BANANE,336,360,672,696,24,OK
BIFA,BIFA LIV01,BRINO CM6 CC,0,0,24,0,-24,DEFICIT
BIFA,BIFA LIV01,BRINO JUNIOR,1968,3360,4080,5328,1248,OK
BIFA,BIFA LIV01,BRINO NOIR VANILLE,240,216,456,456,0,OK
BIFA,BIFA LIV01,CELEBRITY BAR CAKE,17,0,17,17,0,OK
BIFA,BIFA LIV01,CELEBRITY BEST TIME,144,384,384,528,144,OK
BIFA,BIFA LIV01,CELEBRITY BEST TIME 9PCS,96,0,32,96,64,OK
BIFA,BIFA LIV01,CELEBRITY BROWNIE,12,24,32,36,4,OK
BIFA,BIFA LIV01,CELEBRITY FONDANT,672,1920,2448,2592,144,OK
BIFA,BIFA LIV01,CELEBRITY MINI BAR,19,30,38,49,11,OK
BIFA,BIFA LIV01,CELEBRITY TWIN,11,48,59,59,0,OK
BIFA,BIFA LIV01,CHAMIA  90G,312,120,432,432,0,OK
BIFA,BIFA LIV01,CHAMIA 25G,24,18,25,42,17,OK
BIFA,BIFA LIV01,CHAMIA 720 G,33,0,9,33,24,OK
BIFA,BIFA LIV01,CHAMIA PAPILLON 350g ,5,0,5,5,0,OK
BIFA,BIFA LIV01,CULINA PATE A GLACER PROFESSIONNEL,36,96,132,132,0,OK
BIFA,BIFA LIV01,DADEY GM,84,0,24,84,60,OK
BIFA,BIFA LIV01,DADEY GM BLANC,72,0,12,72,60,OK
BIFA,BIFA LIV01,DAILY COCKTAIL 20CL,450,450,600,900,300,OK
BIFA,BIFA LIV01,DAILY JOY CHOCOLATE 125 ML,240,312,552,552,0,OK
BIFA,BIFA LIV01,"DAILY JOY F BOIS 12,5CL",0,960,960,960,0,OK
BIFA,BIFA LIV01,"DAILY JOY FRAISE 12,5CL",0,960,960,960,0,OK
BIFA,BIFA LIV01,DAILY ORG 20CL,0,450,300,450,150,OK
BIFA,BIFA LIV01,DAILY ORG PECHE ABR 20CL,0,300,90,300,210,OK
BIFA,BIFA LIV01,DAILY JOY 12.5CL,0,1920,1920,1920,0,OK
BIFA,BIFA LIV01,DOLCE TABLETTE CHOCOLAT,44,0,13,44,31,OK
BIFA,BIFA LIV01,DOLCE WAFER COCOA,240,900,1140,1140,0,OK
BIFA,BIFA LIV01,DOLCE WAFER COCOA PLUS,75,150,135,225,90,OK
BIFA,BIFA LIV01,DUNAROLL MAXI CREME BLANCHE,60,50,50,110,60,OK
BIFA,BIFA LIV01,DUNAROLL MAXI CREME CACAO,60,50,70,110,40,OK
BIFA,BIFA LIV01,DUNAROLL ROUGE,630,1350,1980,1980,0,OK
BIFA,BIFA LIV01,FAMELIO,132,144,228,276,48,OK
BIFA,BIFA LIV01,KRISPINO MAX,13,16,23,29,6,OK
BIFA,BIFA LIV01,KRISPINO WAFER,25,0,0,25,25,OK
BIFA,BIFA LIV01,MARSHMALLOW NOIX DE COCO X4,240,240,216,480,264,OK
BIFA,BIFA LIV01,MAX CREME,90,90,126,180,54,OK
BIFA,BIFA LIV01,MAX CREME NOIR,90,54,108,144,36,OK
BIFA,BIFA LIV01,MINI CELEBRITY FONDANT,72,405,423,477,54,OK
BIFA,BIFA LIV01,MINI TALENT CACAHOUETE,9,8,9,17,8,OK
BIFA,BIFA LIV01,MINI TALENT NOISETTES ET RAISINS SECS 70G,10,8,4,18,14,OK
BIFA,BIFA LIV01,MONTANA,17,0,1,17,16,OK
BIFA,BIFA LIV01,MUFFIN'S BREAK FRAISE,108,0,108,108,0,OK
BIFA,BIFA LIV01,PATE A TARTINER AUX NOISETTES 750g,18,0,0,18,18,OK
BIFA,BIFA LIV01,RIGOLO,90,144,162,234,72,OK
BIFA,BIFA LIV01,ROND GAUF AU CACAHUETE,27,0,10,27,17,OK
BIFA,BIFA LIV01,ROND GAUF AU NOIX DE COCO,7,0,0,7,7,OK
BIFA,BIFA LIV01,ROYAL HALVA CHOCOLAT CHAMIA AMANDES,20,16,15,36,21,OK
BIFA,BIFA LIV01,STORY BARRE KUNAFA PISTACHE,12,12,15,24,9,OK
BIFA,BIFA LIV01,STORY CHOCOLAT KUNAFA PISTACHE,16,8,12,24,12,OK
BIFA,BIFA LIV01,STORY CHOCOLAT NOIR 70% CACAO,12,0,4,12,8,OK
BIFA,BIFA LIV01,STORY CHOCOLAT SPECULOOS,8,0,0,8,8,OK
BIFA,BIFA LIV01,SUCETTE KRISTOP FRUITE,27,16,43,43,0,OK
BIFA,BIFA LIV01,TALENT AUX CACAHOUETES,12,16,22,28,6,OK
BIFA,BIFA LIV01,TORTO,480,672,912,1152,240,OK
BIFA,BIFA LIV01,WAFER CHOCO,450,1125,1530,1575,45,OK
BIFA,BIFA LIV01,WAFERS GM CC,100,200,300,300,0,OK
BIFA,BIFA LIV01,WAFERS GM CITRON,20,0,20,20,0,OK
BIFA,BIFA LIV01,WAFERS GM VANILLE,100,260,360,360,0,OK
BIFA,BIFA LIV03,AVANTAGE,180,216,270,396,126,OK
BIFA,BIFA LIV03,BALBON FRUITE,54,24,55,78,23,OK
BIFA,BIFA LIV03,BALBON REGLISE,32,8,24,40,16,OK
BIFA,BIFA LIV03,BENITO CM6,108,144,252,252,0,OK
BIFA,BIFA LIV03,BESBOUSSA,192,96,192,288,96,OK
BIFA,BIFA LIV03,BESTO BLANCO X4,264,0,264,264,0,OK
BIFA,BIFA LIV03,BESTO CACAO,100,120,120,220,100,OK
BIFA,BIFA LIV03,BESTO NOIR PM,48,720,768,768,0,OK
BIFA,BIFA LIV03,BESTO NOIRCO 4PCS,72,0,72,72,0,OK
BIFA,BIFA LIV03,BESTO NOIRCO 7 PCS,168,0,96,168,72,OK
BIFA,BIFA LIV03,BIG FAMILY CC 8,40,64,104,104,0,OK
BIFA,BIFA LIV03,BINTO BIFA,80,0,0,80,80,OK
BIFA,BIFA LIV03,BISCUIT RS DUO,18,0,16,18,2,OK
BIFA,BIFA LIV03,BISCUIT SPECULOOS,80,120,200,200,0,OK
BIFA,BIFA LIV03,BISCUIT SPECULOOS CRUMBS,30,0,20,30,10,OK
BIFA,BIFA LIV03,BONITO CHOCOLAT,96,72,48,168,120,OK
BIFA,BIFA LIV03,BONITO PEANUTS,168,0,72,168,96,OK
BIFA,BIFA LIV03,BRAVA BISCUIT SANDWICH,60,0,0,60,60,OK
BIFA,BIFA LIV03,BRAVA CHOCOLAT CACAHUETE,7,16,9,23,14,OK
BIFA,BIFA LIV03,BRAVA MINI CHOCOLAT CACAHUETE,13,24,27,37,10,OK
BIFA,BIFA LIV03,BRAVA TWIST ECLATS NOISETTES,18,0,0,18,18,OK
BIFA,BIFA LIV03,BREAK ROLL,180,0,144,180,36,OK
BIFA,BIFA LIV03,BRINO BANANE,480,360,840,840,0,OK
BIFA,BIFA LIV03,BRINO CM6 CC,24,0,24,24,0,OK
BIFA,BIFA LIV03,BRINO JUNIOR,1632,2880,3984,4512,528,OK
BIFA,BIFA LIV03,BRINO NOIR VANILLE,360,120,456,480,24,OK
BIFA,BIFA LIV03,CELEBRITY BAR CAKE,13,0,0,13,13,OK
BIFA,BIFA LIV03,CELEBRITY BARRE,7,0,7,7,0,OK
BIFA,BIFA LIV03,CELEBRITY BEST TIME,168,120,72,288,216,OK
BIFA,BIFA LIV03,CELEBRITY BEST TIME 9PCS,96,0,16,96,80,OK
BIFA,BIFA LIV03,CELEBRITY BROWNIE,13,0,9,13,4,OK
BIFA,BIFA LIV03,CELEBRITY FONDANT,576,720,672,1296,624,OK
BIFA,BIFA LIV03,CELEBRITY GOUTER CHOCOLAT ET BISCUIT,1,0,1,1,0,OK
BIFA,BIFA LIV03,CELEBRITY MINI BAR,12,24,36,36,0,OK
BIFA,BIFA LIV03,CELEBRITY TWIN,13,8,13,21,8,OK
BIFA,BIFA LIV03,CHAMIA  90G,120,240,288,360,72,OK
BIFA,BIFA LIV03,CHAMIA 25G,30,48,60,78,18,OK
BIFA,BIFA LIV03,CHAMIA 720 G,32,24,15,56,41,OK
BIFA,BIFA LIV03,CHAMIA PAPILLON 350g ,25,0,15,25,10,OK
BIFA,BIFA LIV03,COOKIES CACAOTES AUX PEPITES 200g,48,0,0,48,48,OK
BIFA,BIFA LIV03,COOKIES FOUREE,20,0,0,20,20,OK
BIFA,BIFA LIV03,CULINA PATE A GLACER PROFESSIONNEL,36,108,96,144,48,OK
BIFA,BIFA LIV03,DADEY GM,72,0,36,72,36,OK
BIFA,BIFA LIV03,DADEY GM BLANC,72,0,12,72,60,OK
BIFA,BIFA LIV03,DAILY COCKTAIL 20CL,270,450,510,720,210,OK
BIFA,BIFA LIV03,DAILY JOY CHOCOLATE 125 ML,360,360,600,720,120,OK
BIFA,BIFA LIV03,"DAILY JOY F BOIS 12,5CL",0,960,720,960,240,OK
BIFA,BIFA LIV03,"DAILY JOY FRAISE 12,5CL",0,960,960,960,0,OK
BIFA,BIFA LIV03,DAILY ORG 20CL,0,540,450,540,90,OK
BIFA,BIFA LIV03,DAILY ORG PECHE ABR 20CL,0,450,270,450,180,OK
BIFA,BIFA LIV03,DAILY JOY 12.5CL,192,1440,1632,1632,0,OK
BIFA,BIFA LIV03,DOLCE TABLETTE CHOCOLAT,11,8,7,19,12,OK
BIFA,BIFA LIV03,DOLCE WAFER COCOA,300,300,600,600,0,OK
BIFA,BIFA LIV03,DOLCE WAFER COCOA PLUS,75,150,150,225,75,OK
BIFA,BIFA LIV03,DUNAROLL MAXI CREME BLANCHE,50,30,30,80,50,OK
BIFA,BIFA LIV03,DUNAROLL MAXI CREME CACAO,60,30,40,90,50,OK
BIFA,BIFA LIV03,DUNAROLL ROUGE,450,1560,1470,2010,540,OK
BIFA,BIFA LIV03,FAMELIO,120,108,156,228,72,OK
BIFA,BIFA LIV03,FLORIDA CHLOROPHYLLE,11,0,5,11,6,OK
BIFA,BIFA LIV03,KRISPINO MAX,12,8,4,20,16,OK
BIFA,BIFA LIV03,KRISPINO WAFER,23,0,4,23,19,OK
BIFA,BIFA LIV03,LE MOSAIQUE FAMILY,60,0,0,60,60,OK
BIFA,BIFA LIV03,LE MOSAIQUE X4,10,0,1,10,9,OK
BIFA,BIFA LIV03,MARSHMALLOW NOIX DE COCO X4,192,0,48,192,144,OK
BIFA,BIFA LIV03,MAX CREME,108,90,144,198,54,OK
BIFA,BIFA LIV03,MAX CREME NOIR,72,90,90,162,72,OK
BIFA,BIFA LIV03,MINI CELEBRITY FONDANT,81,180,45,261,216,OK
BIFA,BIFA LIV03,MINI TALENT CACAHOUETE,10,0,2,10,8,OK
BIFA,BIFA LIV03,MINI TALENT NOISETTES ET RAISINS SECS 70G,14,0,0,14,14,OK
BIFA,BIFA LIV03,MONTANA,20,16,14,36,22,OK
BIFA,BIFA LIV03,PATE A TARTINER AUX NOISETTES 750g,24,18,18,42,24,OK
BIFA,BIFA LIV03,PETIT PALMIERS CHOCOLAT,72,0,48,72,24,OK
BIFA,BIFA LIV03,RIGOLO,72,90,108,162,54,OK
BIFA,BIFA LIV03,ROND GAUF AU CACAHUETE,16,0,3,16,13,OK
BIFA,BIFA LIV03,ROYAL HALVA CHOCOLAT CHAMIA AMANDES,12,8,7,20,13,OK
BIFA,BIFA LIV03,STORY BARRE KUNAFA PISTACHE,15,0,5,15,10,OK
BIFA,BIFA LIV03,STORY CHOCOLAT KUNAFA PISTACHE,14,8,10,22,12,OK
BIFA,BIFA LIV03,STORY CHOCOLAT NOIR 70% CACAO,10,0,0,10,10,OK
BIFA,BIFA LIV03,STORY CHOCOLAT SPECULOOS,11,0,3,11,8,OK
BIFA,BIFA LIV03,SUCETTE KRISTOP FRUITE,29,8,29,37,8,OK
BIFA,BIFA LIV03,TALENT AUX CACAHOUETES,15,0,0,15,15,OK
BIFA,BIFA LIV03,TORTO,240,960,768,1200,432,OK
BIFA,BIFA LIV03,WAFER CHOCO,450,855,1305,1305,0,OK
BIFA,BIFA LIV03,WAFERS GM CC,100,200,300,300,0,OK
BIFA,BIFA LIV03,WAFERS GM VANILLE,100,240,340,340,0,OK
BIFA,BIFA LIV04,AVANTAGE,180,252,360,432,72,OK
BIFA,BIFA LIV04,BALBON FRUITE,17,24,28,41,13,OK
BIFA,BIFA LIV04,BALBON REGLISE,22,16,20,38,18,OK
BIFA,BIFA LIV04,BENITO CM6,108,90,198,198,0,OK
BIFA,BIFA LIV04,BESBOUSSA,192,0,64,192,128,OK
BIFA,BIFA LIV04,BESTO BLANCO X4,240,240,480,480,0,OK
BIFA,BIFA LIV04,BESTO CACAO,80,120,100,200,100,OK
BIFA,BIFA LIV04,BESTO NOIR PM,480,720,1200,1200,0,OK
BIFA,BIFA LIV04,BESTO NOIRCO 7 PCS,120,192,312,312,0,OK
BIFA,BIFA LIV04,BIG FAMILY CC 8,40,56,96,96,0,OK
BIFA,BIFA LIV04,BISCUIT RS DUO,16,8,24,24,0,OK
BIFA,BIFA LIV04,BISCUIT SPECULOOS,100,160,260,260,0,OK
BIFA,BIFA LIV04,BISCUIT SPECULOOS CRUMBS,20,30,40,50,10,OK
BIFA,BIFA LIV04,BONITO CHOCOLAT,144,264,408,408,0,OK
BIFA,BIFA LIV04,BONITO PEANUTS,144,72,192,216,24,OK
BIFA,BIFA LIV04,BRAVA BISCUIT SANDWICH,48,96,144,144,0,OK
BIFA,BIFA LIV04,BRAVA CHOCOLAT CACAHUETE,10,28,20,38,18,OK
BIFA,BIFA LIV04,BRAVA MINI CHOCOLAT CACAHUETE,14,18,15,32,17,OK
BIFA,BIFA LIV04,BREAK ROLL,252,72,324,324,0,OK
BIFA,BIFA LIV04,BRINO BANANE,360,480,840,840,0,OK
BIFA,BIFA LIV04,BRINO CM6 CC,264,0,264,264,0,OK
BIFA,BIFA LIV04,BRINO JUNIOR,1824,3360,5184,5184,0,OK
BIFA,BIFA LIV04,BRINO NOIR VANILLE,288,216,504,504,0,OK
BIFA,BIFA LIV04,CELEBRITY BAR CAKE,14,0,5,14,9,OK
BIFA,BIFA LIV04,CELEBRITY BEST TIME,240,96,336,336,0,OK
BIFA,BIFA LIV04,CELEBRITY BEST TIME 9PCS,96,0,32,96,64,OK
BIFA,BIFA LIV04,CELEBRITY BROWNIE,9,16,21,25,4,OK
BIFA,BIFA LIV04,CELEBRITY FONDANT,960,720,1680,1680,0,OK
BIFA,BIFA LIV04,CELEBRITY MINI BAR,19,30,38,49,11,OK
BIFA,BIFA LIV04,CELEBRITY TWIN,24,28,51,52,1,OK
BIFA,BIFA LIV04,CHAMIA  90G,240,312,552,552,0,OK
BIFA,BIFA LIV04,CHAMIA 25G,30,18,43,48,5,OK
BIFA,BIFA LIV04,CHAMIA 720 G,24,24,18,48,30,OK
BIFA,BIFA LIV04,COOKIES FOUREE,20,0,20,20,0,OK
BIFA,BIFA LIV04,CULINA PATE A GLACER PROFESSIONNEL,48,72,108,120,12,OK
BIFA,BIFA LIV04,DADEY GM BLANC,60,36,36,96,60,OK
BIFA,BIFA LIV04,DAILY COCKTAIL 20CL,450,780,1020,1230,210,OK
BIFA,BIFA LIV04,DAILY JOY CHOCOLATE 125 ML,360,432,792,792,0,OK
BIFA,BIFA LIV04,"DAILY JOY F BOIS 12,5CL",0,864,864,864,0,OK
BIFA,BIFA LIV04,"DAILY JOY FRAISE 12,5CL",0,864,864,864,0,OK
BIFA,BIFA LIV04,DAILY ORG 20CL,0,300,240,300,60,OK
BIFA,BIFA LIV04,DAILY ORG PECHE ABR 20CL,0,300,240,300,60,OK
BIFA,BIFA LIV04,DAILY JOY 12.5CL,0,1440,1440,1440,0,OK
BIFA,BIFA LIV04,DOLCE TABLETTE CHOCOLAT,13,8,21,21,0,OK
BIFA,BIFA LIV04,DOLCE WAFER COCOA,300,600,900,900,0,OK
BIFA,BIFA LIV04,DOLCE WAFER COCOA PLUS,150,150,255,300,45,OK
BIFA,BIFA LIV04,DUNAROLL MAXI CREME BLANCHE,60,30,30,90,60,OK
BIFA,BIFA LIV04,DUNAROLL MAXI CREME CACAO,40,30,30,70,40,OK
BIFA,BIFA LIV04,DUNAROLL ROUGE,600,810,1410,1410,0,OK
BIFA,BIFA LIV04,FAMELIO,60,192,252,252,0,OK
BIFA,BIFA LIV04,KRISPINO MAX,15,0,6,15,9,OK
BIFA,BIFA LIV04,KRISPINO WAFER,22,0,0,22,22,OK
BIFA,BIFA LIV04,MARSHMALLOW NOIX DE COCO X4,144,240,384,384,0,OK
BIFA,BIFA LIV04,MAX CREME,108,162,162,270,108,OK
BIFA,BIFA LIV04,MAX CREME NOIR,90,0,90,90,0,OK
BIFA,BIFA LIV04,MINI CELEBRITY FONDANT,135,45,180,180,0,OK
BIFA,BIFA LIV04,MINI TALENT CACAHOUETE,10,8,6,18,12,OK
BIFA,BIFA LIV04,MINI TALENT NOISETTES ET RAISINS SECS 70G,8,8,2,16,14,OK
BIFA,BIFA LIV04,MONTANA,26,0,2,26,24,OK
BIFA,BIFA LIV04,PATE A TARTINER AUX NOISETTES 750g,24,0,0,24,24,OK
BIFA,BIFA LIV04,RIGOLO,90,144,180,234,54,OK
BIFA,BIFA LIV04,ROND GAUF AU CACAHUETE,28,0,4,28,24,OK
BIFA,BIFA LIV04,ROYAL HALVA CHOCOLAT CHAMIA AMANDES,21,8,26,29,3,OK
BIFA,BIFA LIV04,STORY BARRE KUNAFA PISTACHE,13,0,12,13,1,OK
BIFA,BIFA LIV04,STORY CHOCOLAT KUNAFA PISTACHE,11,16,25,27,2,OK
BIFA,BIFA LIV04,STORY CHOCOLAT NOIR 70% CACAO,12,0,2,12,10,OK
BIFA,BIFA LIV04,STORY CHOCOLAT SPECULOOS,10,0,5,10,5,OK
BIFA,BIFA LIV04,SUCETTE KRISTOP FRUITE,17,32,28,49,21,OK
BIFA,BIFA LIV04,TALENT AUX CACAHOUETES,15,0,2,15,13,OK
BIFA,BIFA LIV04,TORTO,480,1152,1344,1632,288,OK
BIFA,BIFA LIV04,WAFER CHOCO,450,945,1305,1395,90,OK
BIFA,BIFA LIV04,WAFERS GM CC,100,200,300,300,0,OK
BIFA,BIFA LIV04,WAFERS GM VANILLE,100,260,360,360,0,OK
BIFA,BIFA LIV05,AVANTAGE,90,540,504,630,126,OK
BIFA,BIFA LIV05,BALBON FRUITE,2,24,21,26,5,OK
BIFA,BIFA LIV05,BALBON REGLISE,27,0,4,27,23,OK
BIFA,BIFA LIV05,BENITO CM6,0,234,234,234,0,OK
BIFA,BIFA LIV05,BESBOUSSA,128,192,160,320,160,OK
BIFA,BIFA LIV05,BESTO BLANCO X4,0,360,360,360,0,OK
BIFA,BIFA LIV05,BESTO CACAO,0,160,100,160,60,OK
BIFA,BIFA LIV05,BESTO NOIR PM,240,960,1200,1200,0,OK
BIFA,BIFA LIV05,BESTO NOIRCO 4PCS,24,0,0,24,24,OK
BIFA,BIFA LIV05,BESTO NOIRCO 7 PCS,144,312,240,456,216,OK
BIFA,BIFA LIV05,BIG FAMILY CC 8,48,72,120,120,0,OK
BIFA,BIFA LIV05,BISCUIT RS DUO,8,12,20,20,0,OK
BIFA,BIFA LIV05,BISCUIT SPECULOOS,100,0,100,100,0,OK
BIFA,BIFA LIV05,BISCUIT SPECULOOS CRUMBS,50,0,10,50,40,OK
BIFA,BIFA LIV05,BONITO CHOCOLAT,120,144,144,264,120,OK
BIFA,BIFA LIV05,BONITO PEANUTS,120,48,72,168,96,OK
BIFA,BIFA LIV05,BRAVA BISCUIT SANDWICH,60,0,36,60,24,OK
BIFA,BIFA LIV05,BRAVA CHOCOLAT CACAHUETE,11,12,16,23,7,OK
BIFA,BIFA LIV05,BRAVA MINI CHOCOLAT CACAHUETE,20,6,18,26,8,OK
BIFA,BIFA LIV05,BRAVA TWIST ECLATS NOISETTES,16,0,0,16,16,OK
BIFA,BIFA LIV05,BREAK ROLL,36,108,144,144,0,OK
BIFA,BIFA LIV05,BRINO BANANE,120,720,840,840,0,OK
BIFA,BIFA LIV05,BRINO JUNIOR,960,2400,4080,3360,-720,DEFICIT
BIFA,BIFA LIV05,BRINO NOIR VANILLE,120,240,360,360,0,OK
BIFA,BIFA LIV05,CELEBRITY BAR CAKE,10,8,7,18,11,OK
BIFA,BIFA LIV05,CELEBRITY BARRE,11,0,11,11,0,OK
BIFA,BIFA LIV05,CELEBRITY BEST TIME,216,0,72,216,144,OK
BIFA,BIFA LIV05,CELEBRITY BEST TIME 9PCS,112,0,32,112,80,OK
BIFA,BIFA LIV05,CELEBRITY BROWNIE,13,16,27,29,2,OK
BIFA,BIFA LIV05,CELEBRITY FONDANT,576,720,960,1296,336,OK
BIFA,BIFA LIV05,CELEBRITY MINI BAR,20,18,36,38,2,OK
BIFA,BIFA LIV05,CELEBRITY TWIN,0,24,24,24,0,OK
BIFA,BIFA LIV05,CHAMIA  90G,240,336,576,576,0,OK
BIFA,BIFA LIV05,CHAMIA 25G,20,90,93,110,17,OK
BIFA,BIFA LIV05,CHAMIA 720 G,40,0,12,40,28,OK
BIFA,BIFA LIV05,CHAMIA PAPILLON 350g ,21,0,21,21,0,OK
BIFA,BIFA LIV05,COOKIES CACAOTES AUX PEPITES 200g,24,0,0,24,24,OK
BIFA,BIFA LIV05,COOKIES FOUREE,40,0,0,40,40,OK
BIFA,BIFA LIV05,CULINA PATE A GLACER PROFESSIONNEL,60,24,48,84,36,OK
BIFA,BIFA LIV05,DADEY GM,48,0,0,48,48,OK
BIFA,BIFA LIV05,DADEY GM BLANC,60,0,24,60,36,OK
BIFA,BIFA LIV05,DAILY COCKTAIL 20CL,450,150,750,600,-150,DEFICIT
BIFA,BIFA LIV05,DAILY JOY CHOCOLATE 125 ML,192,360,504,552,48,OK
BIFA,BIFA LIV05,"DAILY JOY F BOIS 12,5CL",0,960,960,960,0,OK
BIFA,BIFA LIV05,"DAILY JOY FRAISE 12,5CL",0,960,960,960,0,OK
BIFA,BIFA LIV05,DAILY ORG 20CL,0,450,450,450,0,OK
BIFA,BIFA LIV05,DAILY ORG PECHE ABR 20CL,0,450,420,450,30,OK
BIFA,BIFA LIV05,DAILY JOY 12.5CL,0,1680,1680,1680,0,OK
BIFA,BIFA LIV05,DOLCE TABLETTE CHOCOLAT,9,16,20,25,5,OK
BIFA,BIFA LIV05,DOLCE WAFER COCOA,270,630,900,900,0,OK
BIFA,BIFA LIV05,DOLCE WAFER COCOA PLUS,105,0,60,105,45,OK
BIFA,BIFA LIV05,DUNAROLL MAXI CREME BLANCHE,60,0,30,60,30,OK
BIFA,BIFA LIV05,DUNAROLL MAXI CREME CACAO,50,0,40,50,10,OK
BIFA,BIFA LIV05,DUNAROLL ROUGE,180,1950,2130,2130,0,OK
BIFA,BIFA LIV05,FAMELIO,96,108,108,204,96,OK
BIFA,BIFA LIV05,KRISPINO MAX,11,8,11,19,8,OK
BIFA,BIFA LIV05,KRISPINO WAFER,16,8,8,24,16,OK
BIFA,BIFA LIV05,MARSHMALLOW NOIX DE COCO X4,24,240,240,264,24,OK
BIFA,BIFA LIV05,MAX CREME,90,180,180,270,90,OK
BIFA,BIFA LIV05,MAX CREME NOIR,90,108,198,198,0,OK
BIFA,BIFA LIV05,MINI CELEBRITY FONDANT,99,45,99,144,45,OK
BIFA,BIFA LIV05,MINI TALENT CACAHOUETE,8,8,7,16,9,OK
BIFA,BIFA LIV05,MINI TALENT NOISETTES ET RAISINS SECS 70G,9,8,9,17,8,OK
BIFA,BIFA LIV05,MONTANA,24,0,0,24,24,OK
BIFA,BIFA LIV05,PATE A TARTINER AUX NOISETTES 750g,19,0,0,19,19,OK
BIFA,BIFA LIV05,PETIT PALMIERS CHOCOLAT,72,0,24,72,48,OK
BIFA,BIFA LIV05,POCKET FINGER 3 PCS,8,0,0,8,8,OK
BIFA,BIFA LIV05,RIGOLO,0,180,90,180,90,OK
BIFA,BIFA LIV05,ROND GAUF AU CACAHUETE,19,16,6,35,29,OK
BIFA,BIFA LIV05,ROYAL HALVA CHOCOLAT CHAMIA AMANDES,10,20,11,30,19,OK
BIFA,BIFA LIV05,STORY BARRE KUNAFA PISTACHE,7,16,21,23,2,OK
BIFA,BIFA LIV05,STORY CHOCOLAT KUNAFA PISTACHE,12,12,18,24,6,OK
BIFA,BIFA LIV05,STORY CHOCOLAT NOIR 70% CACAO,15,0,3,15,12,OK
BIFA,BIFA LIV05,STORY CHOCOLAT SPECULOOS,15,0,7,15,8,OK
BIFA,BIFA LIV05,SUCETTE KRISTOP FRUITE,26,0,9,26,17,OK
BIFA,BIFA LIV05,TALENT AUX CACAHOUETES,7,8,15,15,0,OK
BIFA,BIFA LIV05,TORTO,0,480,480,480,0,OK
BIFA,BIFA LIV05,WAFER CHOCO,225,900,1080,1125,45,OK
BIFA,BIFA LIV05,WAFERS GM CC,100,200,300,300,0,OK
BIFA,BIFA LIV05,WAFERS GM VANILLE,100,200,300,300,0,OK
BIFA,BIFA PLIV02,AVANTAGE,54,450,504,504,0,OK
BIFA,BIFA PLIV02,BALBON FRUITE,4,2,6,6,0,OK
BIFA,BIFA PLIV02,BALBON REGLISE,2,41,43,43,0,OK
BIFA,BIFA PLIV02,BENITO CM6,72,396,468,468,0,OK
BIFA,BIFA PLIV02,BESBOUSSA,32,0,32,32,0,OK
BIFA,BIFA PLIV02,BESTO BLANCO X4,120,168,288,288,0,OK
BIFA,BIFA PLIV02,BESTO CACAO,0,80,80,80,0,OK
BIFA,BIFA PLIV02,BESTO NOIR PM,864,1344,2208,2208,0,OK
BIFA,BIFA PLIV02,BESTO NOIRCO 7 PCS,0,240,240,240,0,OK
BIFA,BIFA PLIV02,BIG FAMILY CC 8,40,64,104,104,0,OK
BIFA,BIFA PLIV02,BISCUIT RS DUO,3,9,12,12,0,OK
BIFA,BIFA PLIV02,BISCUIT SPECULOOS,20,60,80,80,0,OK
BIFA,BIFA PLIV02,BLACKBALL,32,0,0,32,32,OK
BIFA,BIFA PLIV02,BONITO CHOCOLAT,48,168,216,216,0,OK
BIFA,BIFA PLIV02,BONITO PEANUTS,24,192,216,216,0,OK
BIFA,BIFA PLIV02,BRAVA BISCUIT SANDWICH,0,132,132,132,0,OK
BIFA,BIFA PLIV02,BRAVA CHOCOLAT CACAHUETE,0,22,22,22,0,OK
BIFA,BIFA PLIV02,BRAVA MINI CHOCOLAT CACAHUETE,0,35,35,35,0,OK
BIFA,BIFA PLIV02,BREAK ROLL,108,108,216,216,0,OK
BIFA,BIFA PLIV02,BRINO BANANE,72,1032,1008,1104,96,OK
BIFA,BIFA PLIV02,BRINO CM6 CC,1344,0,0,1344,1344,OK
BIFA,BIFA PLIV02,BRINO JUNIOR,624,6336,6960,6960,0,OK
BIFA,BIFA PLIV02,BRINO NOIR VANILLE,96,144,240,240,0,OK
BIFA,BIFA PLIV02,CELEBRITY BAR CAKE,1,4,4,5,1,OK
BIFA,BIFA PLIV02,CELEBRITY BARRE,1,0,1,1,0,OK
BIFA,BIFA PLIV02,CELEBRITY BEST TIME,0,48,48,48,0,OK
BIFA,BIFA PLIV02,CELEBRITY BROWNIE,1,39,40,40,0,OK
BIFA,BIFA PLIV02,CELEBRITY FONDANT,240,1128,1368,1368,0,OK
BIFA,BIFA PLIV02,CELEBRITY MINI BAR,7,42,49,49,0,OK
BIFA,BIFA PLIV02,CELEBRITY TWIN,162,48,50,210,160,OK
BIFA,BIFA PLIV02,CHAMIA  90G,216,144,360,360,0,OK
BIFA,BIFA PLIV02,CHAMIA 25G,6,44,50,50,0,OK
BIFA,BIFA PLIV02,CHAMIA 720 G,0,10,10,10,0,OK
BIFA,BIFA PLIV02,CULINA PATE A GLACER PROFESSIONNEL,36,168,204,204,0,OK
BIFA,BIFA PLIV02,DAILY COCKTAIL 20CL,450,1110,1560,1560,0,OK
BIFA,BIFA PLIV02,DAILY JOY CHOCOLATE 125 ML,48,240,288,288,0,OK
BIFA,BIFA PLIV02,"DAILY JOY F BOIS 12,5CL",0,1200,1200,1200,0,OK
BIFA,BIFA PLIV02,"DAILY JOY FRAISE 12,5CL",0,960,960,960,0,OK
BIFA,BIFA PLIV02,DAILY ORG 20CL,0,150,150,150,0,OK
BIFA,BIFA PLIV02,DAILY ORG PECHE ABR 20CL,0,30,30,30,0,OK
BIFA,BIFA PLIV02,DAILY JOY 12.5CL,720,3936,4656,4656,0,OK
BIFA,BIFA PLIV02,DOLCE TABLETTE CHOCOLAT,0,21,21,21,0,OK
BIFA,BIFA PLIV02,DOLCE WAFER COCOA,30,1200,1230,1230,0,OK
BIFA,BIFA PLIV02,DOLCE WAFER COCOA PLUS,0,195,195,195,0,OK
BIFA,BIFA PLIV02,DUNAROLL MAXI CREME BLANCHE,0,10,10,10,0,OK
BIFA,BIFA PLIV02,DUNAROLL ROUGE,3150,810,960,3960,3000,OK
BIFA,BIFA PLIV02,FAMELIO,24,264,288,288,0,OK
BIFA,BIFA PLIV02,KRISPINO MAX,0,3,3,3,0,OK
BIFA,BIFA PLIV02,MARSHMALLOW NOIX DE COCO X4,0,144,144,144,0,OK
BIFA,BIFA PLIV02,MAX CREME,72,234,306,306,0,OK
BIFA,BIFA PLIV02,MAX CREME NOIR,54,342,396,396,0,OK
BIFA,BIFA PLIV02,MINI CELEBRITY FONDANT,18,135,153,153,0,OK
BIFA,BIFA PLIV02,MINI TALENT CACAHOUETE,0,5,5,5,0,OK
BIFA,BIFA PLIV02,MINI TALENT NOISETTES ET RAISINS SECS 70G,0,1,1,1,0,OK
BIFA,BIFA PLIV02,MONTANA,0,1,1,1,0,OK
BIFA,BIFA PLIV02,ORO GALETTE 15 PCS,30,0,0,30,30,OK
BIFA,BIFA PLIV02,PATE A TARTINER AUX NOISETTES 750g,0,12,12,12,0,OK
BIFA,BIFA PLIV02,RIGOLO,18,126,144,144,0,OK
BIFA,BIFA PLIV02,ROND GAUF AU CACAHUETE,0,2,2,2,0,OK
BIFA,BIFA PLIV02,ROYAL HALVA CHOCOLAT CHAMIA AMANDES,1,14,15,15,0,OK
BIFA,BIFA PLIV02,STORY BARRE KUNAFA PISTACHE,2,16,18,18,0,OK
BIFA,BIFA PLIV02,STORY CHOCOLAT KUNAFA PISTACHE,1,25,26,26,0,OK
BIFA,BIFA PLIV02,SUCETTE KRISTOP FRUITE,0,3,3,3,0,OK
BIFA,BIFA PLIV02,TALENT AUX CACAHOUETES,0,3,3,3,0,OK
BIFA,BIFA PLIV02,TORTO,768,768,1536,1536,0,OK
BIFA,BIFA PLIV02,WAFER CHOCO,270,1665,1890,1935,45,OK
BIFA,BIFA PLIV02,WAFERS GM CC,340,700,1040,1040,0,OK
BIFA,BIFA PLIV02,WAFERS GM CITRON,220,0,220,220,0,OK
BIFA,BIFA PLIV02,WAFERS GM VANILLE,120,460,580,580,0,OK
BIFA,BIFA PSLIV01,BRINO JUNIOR,0,5760,5760,5760,0,OK
BIFA,BIFA PSLIV01,CELEBRITY FONDANT,0,2400,2400,2400,0,OK
BIFA,BIFA PSLIV01,CELEBRITY TWIN,0,200,200,200,0,OK
BIFA,BIFA PSLIV01,DUNAROLL MAXI CREME CACAO,0,1040,1040,1040,0,OK
BIFA,BIFA PSLIV01,DUNAROLL ROUGE,0,8100,4800,8100,3300,OK
DELISKY,DELISKY LIV01,BABANA CHOCO HALKOUM FOUREE,26,0,0,26,26,OK
DELISKY,DELISKY LIV01,BETOUCHE TARTINES  700G,1,0,0,1,1,OK
DELISKY,DELISKY LIV01,BONBON MONTIKO AU CACAHUETE CARAMEL 150 PCS,2,0,1,2,1,OK
DELISKY,DELISKY LIV01,BONBON TOFFINI 120 Pcs,31,0,4,31,27,OK
DELISKY,DELISKY LIV01,BONBON JELLIFIA 150 PCS,8,8,8,16,8,OK
DELISKY,DELISKY LIV01,CHAMIA BOSPHORE 1KG SPECIALE,5,0,0,5,5,OK
DELISKY,DELISKY LIV01,CHAMIA KHAIMA 1900G PISTACHE AMANDE CHOCO,8,0,2,8,6,OK
DELISKY,DELISKY LIV01,CHAMIA KHAIMA 330G AMANDE CHOCO PISTACHE,63,0,36,63,27,OK
DELISKY,DELISKY LIV01,CHAMIA KHAIMA 3KG CHOCO AMANDE PISTACHE,13,15,20,28,8,OK
DELISKY,DELISKY LIV01,CHAMIA KHAIMA 3KG VANILLE,4,0,0,4,4,OK
DELISKY,DELISKY LIV01,CHAMIA KHAIMA 4KG CHOCO PISTACHE AMANDE,12,3,9,15,6,OK
DELISKY,DELISKY LIV01,CHAMIA KHAIMA 4KG VANILLE,3,0,0,3,3,OK
DELISKY,DELISKY LIV01,CHAMIA KHAIMA 80G(Matty Nova),76,96,166,172,6,OK
DELISKY,DELISKY LIV01,CHAMIA KHAIMA 900G AMANDE PISTACHE,7,0,1,7,6,OK
DELISKY,DELISKY LIV01,CHAMIA KHAIMA 900G CHOCO,2,0,0,2,2,OK
DELISKY,DELISKY LIV01,CHAMIA KHAIMA SNIOUA,10,0,6,10,4,OK
DELISKY,DELISKY LIV01,CHAMIA KHAIMA 140G,30,0,30,30,0,OK
DELISKY,DELISKY LIV01,CHAMIA KHAIMA 150G,89,0,61,89,28,OK
DELISKY,DELISKY LIV01,CHAMIA KHAIMA 250G PISTACHE,40,24,64,64,0,OK
DELISKY,DELISKY LIV01,CHAMIA KHAIMA 280G,1,0,1,1,0,OK
DELISKY,DELISKY LIV01,CHAMIA KHAIMA 500G AMANDE PISTACHE CHOCO,16,10,0,26,26,OK
DELISKY,DELISKY LIV01,CHAMIA KHAIMA 100G PISTACHE/AMANDE,48,0,39,48,9,OK
DELISKY,DELISKY LIV01,CHOCOLAT BAR MONTIMIX,4,6,5,10,5,OK
DELISKY,DELISKY LIV01,CHOCOLAT CHOCOTY ,332,0,152,332,180,OK
DELISKY,DELISKY LIV01,CHOCOMORE CHOCOLAT 24P,1,0,1,1,0,OK
DELISKY,DELISKY LIV01,CHOCOMORE ORANGE 36P,6,0,0,6,6,OK
DELISKY,DELISKY LIV01,CHOCOMORE SWISSLY CHOCOLAT,55,32,48,87,39,OK
DELISKY,DELISKY LIV01,CHOCOMORE SWISSLY FRAISE,55,32,24,87,63,OK
DELISKY,DELISKY LIV01,CHOCOMORE CARAMEL 24P,3,15,16,18,2,OK
DELISKY,DELISKY LIV01,CHOCOMORE CHOCOLAT 36P,2,0,2,2,0,OK
DELISKY,DELISKY LIV01,CHOCOMORE ORANGE 24P,3,2,4,5,1,OK
DELISKY,DELISKY LIV01,CHOCOMORE VANILLE 24P,3,13,11,16,5,OK
DELISKY,DELISKY LIV01,CHOCOTY SACHET,6,18,17,24,7,OK
DELISKY,DELISKY LIV01,COMPOTE POMME ABRICOT,0,54,22,54,32,OK
DELISKY,DELISKY LIV01,COMPOTE POMME FRAISE BANANE,40,0,40,40,0,OK
DELISKY,DELISKY LIV01,COMPOTE POMME FRAISE BANANE SANS SUCRE,36,72,74,108,34,OK
DELISKY,DELISKY LIV01,DELISTARE 03PCS 48P,15,10,25,25,0,OK
DELISKY,DELISKY LIV01,DELISTARE 06PCS 24P,3,0,1,3,2,OK
DELISKY,DELISKY LIV01,FLAURA CHEWINGUM,64,0,0,64,64,OK
DELISKY,DELISKY LIV01,FLIPI 04PCS * 24P,4,6,12,10,-2,DEFICIT
DELISKY,DELISKY LIV01,FLIPI CHOCO BISC,24,24,24,48,24,OK
DELISKY,DELISKY LIV01,FLIPI FROZA BISC,2,2,3,4,1,OK
DELISKY,DELISKY LIV01,FLIPI SANDWICH 2Pcs  x 48,28,30,39,58,19,OK
DELISKY,DELISKY LIV01,FLIPI SIGARO 20Pcs,7,12,19,19,0,OK
DELISKY,DELISKY LIV01,FRESHGUM CHEWING-GUM,20,0,20,20,0,OK
DELISKY,DELISKY LIV01,GAUFRETTE FAVORITA,4,0,0,4,4,OK
DELISKY,DELISKY LIV01,GAUFRETTE PINOU,20,15,28,35,7,OK
DELISKY,DELISKY LIV01,IDOL COCO GALETTE ,4,10,14,14,0,OK
DELISKY,DELISKY LIV01,IDOL FINGER 3,19,57,64,76,12,OK
DELISKY,DELISKY LIV01,IDOL FINGER 6 ,15,23,35,38,3,OK
DELISKY,DELISKY LIV01,IDOL PETIT BEURRE 5,12,0,11,12,1,OK
DELISKY,DELISKY LIV01,IDOL SUPER KING BANANE 300G,2,0,0,2,2,OK
DELISKY,DELISKY LIV01,IDOL SUPER KING CHOCO 300G,1,0,0,1,1,OK
DELISKY,DELISKY LIV01,IDOL SUPER KING PISTACHIO 300G,1,0,0,1,1,OK
DELISKY,DELISKY LIV01,IDOL SUPER KING VANILLA 300G,2,0,0,2,2,OK
DELISKY,DELISKY LIV01,KALP 3*6*18,18,0,0,18,18,OK
DELISKY,DELISKY LIV01,KALP 4*24,10,0,0,10,10,OK
DELISKY,DELISKY LIV01,MANDALA 4PCS SAV NOISETTE,14,0,12,14,2,OK
DELISKY,DELISKY LIV01,MANDALA CHOCO 10 PCS,2,0,0,2,2,OK
DELISKY,DELISKY LIV01,MINI CARAMBAR MONTIKO,7,0,1,7,6,OK
DELISKY,DELISKY LIV01,MONTIKO FRUIKA SACHET 125G,96,0,0,96,96,OK
DELISKY,DELISKY LIV01,ORYA  AKDA 03KG,0,4,0,4,4,OK
DELISKY,DELISKY LIV01,SAGA GAUFRETTE,22,20,26,42,16,OK
DELISKY,DELISKY LIV01,SANDWICH CHERCHEL,15,24,31,39,8,OK
DELISKY,DELISKY LIV01,SPOOSH,1,0,0,1,1,OK
DELISKY,DELISKY LIV01,TROKS NOUGAT DE MONTELIMAR 16 Pcs,5,0,0,5,5,OK
DELISKY,DELISKY LIV02,BABANA CHOCO HALKOUM FOUREE,44,0,0,44,44,OK
DELISKY,DELISKY LIV02,BETOUCHE TARTINES  700G,4,0,0,4,4,OK
DELISKY,DELISKY LIV02,BONBON TOFFINI 120 Pcs,10,0,1,10,9,OK
DELISKY,DELISKY LIV02,BONBON JELLIFIA 150 PCS,9,0,9,9,0,OK
DELISKY,DELISKY LIV02,CHAMIA BOSPHORE 1KG SPECIALE,8,0,2,8,6,OK
DELISKY,DELISKY LIV02,CHAMIA KHAIMA 1900G PISTACHE AMANDE CHOCO,9,0,0,9,9,OK
DELISKY,DELISKY LIV02,CHAMIA KHAIMA 330G AMANDE CHOCO PISTACHE,41,0,0,41,41,OK
DELISKY,DELISKY LIV02,CHAMIA KHAIMA 3KG CHOCO AMANDE PISTACHE,7,0,0,7,7,OK
DELISKY,DELISKY LIV02,CHAMIA KHAIMA 3KG VANILLE,6,0,0,6,6,OK
DELISKY,DELISKY LIV02,CHAMIA KHAIMA 4KG CHOCO PISTACHE AMANDE,6,3,6,9,3,OK
DELISKY,DELISKY LIV02,CHAMIA KHAIMA 4KG VANILLE,6,0,1,6,5,OK
DELISKY,DELISKY LIV02,CHAMIA KHAIMA 80G(Matty Nova),144,216,192,360,168,OK
DELISKY,DELISKY LIV02,CHAMIA KHAIMA 900G AMANDE PISTACHE,5,0,0,5,5,OK
DELISKY,DELISKY LIV02,CHAMIA KHAIMA 900G CHOCO,9,0,0,9,9,OK
DELISKY,DELISKY LIV02,CHAMIA KHAIMA SNIOUA,9,0,8,9,1,OK
DELISKY,DELISKY LIV02,CHAMIA KHAIMA 140G,85,0,40,85,45,OK
DELISKY,DELISKY LIV02,CHAMIA KHAIMA 150G,78,0,19,78,59,OK
DELISKY,DELISKY LIV02,CHAMIA KHAIMA 250G PISTACHE,48,0,34,48,14,OK
DELISKY,DELISKY LIV02,CHAMIA KHAIMA 280G,59,0,45,59,14,OK
DELISKY,DELISKY LIV02,CHAMIA KHAIMA 500G AMANDE PISTACHE CHOCO,10,0,2,10,8,OK
DELISKY,DELISKY LIV02,CHAMIA KHAIMA 100G PISTACHE/AMANDE,95,0,24,95,71,OK
DELISKY,DELISKY LIV02,CHOCOLAT BAR MONTIMIX,7,0,2,7,5,OK
DELISKY,DELISKY LIV02,CHOCOLAT CHOCOTY ,185,60,210,245,35,OK
DELISKY,DELISKY LIV02,CHOCOMORE CHOCOLAT 24P,3,0,3,3,0,OK
DELISKY,DELISKY LIV02,CHOCOMORE SWISSLY CHOCOLAT,64,64,80,128,48,OK
DELISKY,DELISKY LIV02,CHOCOMORE SWISSLY FRAISE,63,48,94,111,17,OK
DELISKY,DELISKY LIV02,CHOCOMORE CARAMEL 24P,3,5,8,8,0,OK
DELISKY,DELISKY LIV02,CHOCOMORE CHOCOLAT 36P,1,0,1,1,0,OK
DELISKY,DELISKY LIV02,CHOCOMORE ORANGE 24P,3,0,3,3,0,OK
DELISKY,DELISKY LIV02,CHOCOMORE VANILLE 24P,3,3,5,6,1,OK
DELISKY,DELISKY LIV02,CHOCOTY SACHET,9,6,15,15,0,OK
DELISKY,DELISKY LIV02,COMPOTE POMME ABRICOT,5,18,16,23,7,OK
DELISKY,DELISKY LIV02,COMPOTE POMME FRAISE BANANE,22,18,33,40,7,OK
DELISKY,DELISKY LIV02,DELISTARE 03PCS 48P,11,30,40,41,1,OK
DELISKY,DELISKY LIV02,DELISTARE 06PCS 24P,13,0,1,13,12,OK
DELISKY,DELISKY LIV02,FLAURA CHEWINGUM,28,0,15,28,13,OK
DELISKY,DELISKY LIV02,FLIPI 04PCS * 24P,2,18,8,20,12,OK
DELISKY,DELISKY LIV02,FLIPI CHOCO BISC,48,0,24,48,24,OK
DELISKY,DELISKY LIV02,FLIPI FROZA BISC,4,0,2,4,2,OK
DELISKY,DELISKY LIV02,FLIPI SANDWICH 2Pcs  x 48,1,26,27,27,0,OK
DELISKY,DELISKY LIV02,FLIPI SIGARO 20Pcs,12,11,23,23,0,OK
DELISKY,DELISKY LIV02,FRESHGUM CHEWING-GUM,19,0,9,19,10,OK
DELISKY,DELISKY LIV02,GAUFRETTE FAVORITA,7,0,1,7,6,OK
DELISKY,DELISKY LIV02,GAUFRETTE PINOU,12,30,40,42,2,OK
DELISKY,DELISKY LIV02,IDOL FINGER 3,10,43,53,53,0,OK
DELISKY,DELISKY LIV02,IDOL FINGER 6 ,10,28,38,38,0,OK
DELISKY,DELISKY LIV02,IDOL PETIT BEURRE 5,2,0,2,2,0,OK
DELISKY,DELISKY LIV02,IDOL SUPER KING BANANE 300G,2,0,0,2,2,OK
DELISKY,DELISKY LIV02,IDOL SUPER KING PISTACHIO 300G,1,0,0,1,1,OK
DELISKY,DELISKY LIV02,IDOL SUPER KING VANILLA 300G,2,0,1,2,1,OK
DELISKY,DELISKY LIV02,JELLY NOVA 150PCS  توت ,3,0,1,3,2,OK
DELISKY,DELISKY LIV02,JELLY NOVA HALCOUME 150PCS,4,0,0,4,4,OK
DELISKY,DELISKY LIV02,KALP 3*6*18,31,0,0,31,31,OK
DELISKY,DELISKY LIV02,KALP 4*24,12,0,0,12,12,OK
DELISKY,DELISKY LIV02,MANDALA 4PCS SAV NOISETTE,10,23,29,33,4,OK
DELISKY,DELISKY LIV02,MANDALA CHOCO 10 PCS,5,0,1,5,4,OK
DELISKY,DELISKY LIV02,MINI CARAMBAR MONTIKO,6,0,0,6,6,OK
DELISKY,DELISKY LIV02,SAGA GAUFRETTE,12,34,44,46,2,OK
DELISKY,DELISKY LIV02,SANDWICH CHERCHEL,12,27,29,39,10,OK
DELISKY,DELISKY LIV02,TROKS NOUGAT DE MONTELIMAR 16 Pcs,32,0,0,32,32,OK
NITA,NITA LIV01,AROME VANILLE ABIAPRO 04KG,0,2,0,2,2,OK
NITA,NITA LIV01,BOUILLON EN CUBE NAWAL 10GR PROMOTION,0,6,0,6,6,OK
NITA,NITA LIV01,BUBBLE GUM CAPRICE P 205B,0,32,0,32,32,OK
NITA,NITA LIV01,BUBBLE GUM F-R BOITE N202B,0,32,0,32,32,OK
NITA,NITA LIV01,BUBBLE GUM FRUITS ROUGES SAC N202,0,12,0,12,12,OK
NITA,NITA LIV01,BUBBLE GUM MULTI FRUITS SAC N201,0,12,0,12,12,OK
NITA,NITA LIV01,BUBBLE GUM ASSORTIS MÉLANGE PM ,0,30,0,30,30,OK
NITA,NITA LIV01,CACAO 04KG,0,4,0,4,4,OK
NITA,NITA LIV01,CAPRICE  CHOCO BOITE N302,0,8,0,8,8,OK
NITA,NITA LIV01,CAPRICE  CHOCO SAC N102,0,24,0,24,24,OK
NITA,NITA LIV01,CAPRICE CAFE 305 B,0,8,0,8,8,OK
NITA,NITA LIV01,CAPRICE CAFÉ SAC N105,0,12,0,12,12,OK
NITA,NITA LIV01,CAPRICE CARAMEL 500G  CACAO 502,0,48,0,48,48,OK
NITA,NITA LIV01,CAPRICE LIQUIDE CHOCO BOITE 300G 352,0,144,0,144,144,OK
NITA,NITA LIV01,CAPRICE MENTHE 104,0,12,0,12,12,OK
NITA,NITA LIV01,CAPRICE MENTHE BOITE  N304,0,8,0,8,8,OK
NITA,NITA LIV01,CAPRICE RÉGLISSE SAC N103,0,24,0,24,24,OK
NITA,NITA LIV01,CAPRICE STICK CHOCO N307,0,8,0,8,8,OK
NITA,NITA LIV01,CAPRICE STICK CHOCO SAC PM N311,0,30,0,30,30,OK
NITA,NITA LIV01,CAPRICE STICK TOFFEE BOITE N306,0,8,0,8,8,OK
NITA,NITA LIV01,CAPRICE TOFFEE SAC N101,0,12,0,12,12,OK
NITA,NITA LIV01,CAPRICE LIQUIDE CHOCO BOITE 500G 322,0,72,0,72,72,OK
NITA,NITA LIV01,CAPRICE LIQUIDE TOFFEE BOITE 500GR 321,0,72,0,72,72,OK
NITA,NITA LIV01,CARAMEL CAPRICE BOITE A 60,0,6,0,6,6,OK
NITA,NITA LIV01,CHEWING GUM STICK MENTHE 5×20 N210,0,40,0,40,40,OK
NITA,NITA LIV01,CHEWING GUM STICK PASTÈQUE 5×20 N212,0,40,0,40,40,OK
NITA,NITA LIV01,CHOOPITOS BAR,0,4,0,4,4,OK
NITA,NITA LIV01,CHOOPITOS X8,0,5,0,5,5,OK
NITA,NITA LIV01,CREME CHANTILLY 02KG ABIAPRO BOITE,0,2,0,2,2,OK
NITA,NITA LIV01,CREME CHANTILLY 02KG PRESTY,0,2,0,2,2,OK
NITA,NITA LIV01,CREME CHANTILLY 05KG ABIAPRO SAC Bnina Bezaf,0,2,0,2,2,OK
NITA,NITA LIV01,CREME CHANTILLY 200GR SACHET,0,2,0,2,2,OK
NITA,NITA LIV01,CREME CHANTILLY 50GR,0,2,0,2,2,OK
NITA,NITA LIV01,CREME CHANTILLY ABIAPRO HAYLA + 2KG,0,2,0,2,2,OK
NITA,NITA LIV01,CREME CHANTILLY NAWAL 5KG SAC,0,2,0,2,2,OK
NITA,NITA LIV01,CREME DE RIZ 120GR,0,2,0,2,2,OK
NITA,NITA LIV01,CREME DESSERT CHOCO 50GR,0,2,0,2,2,OK
NITA,NITA LIV01,CREME DIPLOMATE NAWAL 50G,0,2,0,2,2,OK
NITA,NITA LIV01,CREME PATISSIERE 50GR CHOCO FRAISE,0,2,0,2,2,OK
NITA,NITA LIV01,CREME TIRAMISU 1.5KG,0,2,0,2,2,OK
NITA,NITA LIV01,FLAN NAWAL 100GR PROMOTION,0,8,0,8,8,OK
NITA,NITA LIV01,FLAN NAWAL 50G BOITE,0,4,0,4,4,OK
NITA,NITA LIV01,FLAN NAWAL LIGHT 10GR ,0,2,0,2,2,OK
NITA,NITA LIV01,LEVURE CHIMIQUE NAWAL 10GR,0,5,0,5,5,OK
NITA,NITA LIV01,MOUSSE CHOCO 1.5KG,0,2,0,2,2,OK
NITA,NITA LIV01,MOUSSE CHOCO 50GR,0,2,0,2,2,OK
NITA,NITA LIV01,NITA BROWNIE,0,20,0,20,20,OK
NITA,NITA LIV01,NITA DOPPIO VANILLA CHOCOLATE,0,5,0,5,5,OK
NITA,NITA LIV01,NITA DOPPIO VANILLA STRAWBERRY,0,5,0,5,5,OK
NITA,NITA LIV01,NITA GRAND BISCUIT CHOCOLAT,0,5,0,5,5,OK
NITA,NITA LIV01,NITA GRAND BISCUIT VANILLE CHOCOLAT,0,5,0,5,5,OK
NITA,NITA LIV01,NITA GRAND BISCUIT VANILLE FRAISE,0,5,0,5,5,OK
NITA,NITA LIV01,NITA GRANO,0,5,0,5,5,OK
NITA,NITA LIV01,NITA MARSHMALLOW,0,2,0,2,2,OK
NITA,NITA LIV01,NITA MINI BROWNIE CHOCOLAT ,0,40,0,40,40,OK
NITA,NITA LIV01,NITA MOLTO,0,10,0,10,10,OK
NITA,NITA LIV01,NITA MOLTO GM,0,6,0,6,6,OK
NITA,NITA LIV01,NITA MUFFINS COCOA CHOCOLAT,0,16,0,16,16,OK
NITA,NITA LIV01,NITA PERFECTO,0,6,0,6,6,OK
NITA,NITA LIV01,NITA PIPINO PISTACHIO,0,4,0,4,4,OK
NITA,NITA LIV01,NITA RIVA,0,6,0,6,6,OK
NITA,NITA LIV01,NITA SELECTION KUNAFA PISTACHE,0,5,0,5,5,OK
NITA,NITA LIV01,NITA SO OVALO,0,20,0,20,20,OK
NITA,NITA LIV01,NITA SO WAFER CHOCOLAT,0,5,0,5,5,OK
NITA,NITA LIV01,NITA SO WAFER NOISETTE,0,5,0,5,5,OK
NITA,NITA LIV01,NITA SPECULOOS,0,8,0,8,8,OK
NITA,NITA LIV01,NITA THE BALL,0,20,0,20,20,OK
NITA,NITA LIV01,PÂTE À MÂCHER FRUITÉS PM N403,0,30,0,30,30,OK
NITA,NITA LIV01,PÂTE À MÂCHER FRUITÉS SAC GM 400S,0,12,0,12,12,OK
NITA,NITA LIV01,PÂTE À MÂCHER STICK FRUITÉS BOITE 401B,0,8,0,8,8,OK
NITA,NITA LIV01,PÂTE À MÂCHER STICK FRUITÉS PM N404,0,30,0,30,30,OK
NITA,NITA LIV02,AROME VANILLE ABIAPRO 04KG,2,0,0,2,2,OK
NITA,NITA LIV02,BOUILLON EN CUBE NAWAL 10GR PROMOTION,4,0,4,4,0,OK
NITA,NITA LIV02,BUBBLE GUM CAPRICE P 205B,17,32,30,49,19,OK
NITA,NITA LIV02,BUBBLE GUM F-R BOITE N202B,20,24,29,44,15,OK
NITA,NITA LIV02,BUBBLE GUM FRUITS ROUGES SAC N202,3,12,13,15,2,OK
NITA,NITA LIV02,BUBBLE GUM MENTHE BOITE N204B,21,24,26,45,19,OK
NITA,NITA LIV02,BUBBLE GUM MULTI FRUITS SAC N201,12,12,12,24,12,OK
NITA,NITA LIV02,BUBBLE GUM ASSORTIS MÉLANGE PM ,20,0,0,20,20,OK
NITA,NITA LIV02,CACAO 04KG,2,0,0,2,2,OK
NITA,NITA LIV02,CAPRICE  CHOCO SAC N102,0,36,24,36,12,OK
NITA,NITA LIV02,CAPRICE CAFÉ SAC N105,6,0,3,6,3,OK
NITA,NITA LIV02,CAPRICE CARAMEL 500G  CACAO 502,44,36,73,80,7,OK
NITA,NITA LIV02,CAPRICE LIQUIDE CHOCO BOITE 300G 352,0,240,72,240,168,OK
NITA,NITA LIV02,CAPRICE MENTHE 104,11,0,7,11,4,OK
NITA,NITA LIV02,CAPRICE MENTHE BOITE  N304,1,0,0,1,1,OK
NITA,NITA LIV02,CAPRICE RÉGLISSE BOITE  N303,5,0,0,5,5,OK
NITA,NITA LIV02,CAPRICE RÉGLISSE SAC N103,14,0,2,14,12,OK
NITA,NITA LIV02,CAPRICE STICK CHOCO N307,21,8,23,29,6,OK
NITA,NITA LIV02,CAPRICE STICK TOFFEE BOITE N306,13,8,10,21,11,OK
NITA,NITA LIV02,CAPRICE TOFFEE SAC N101,4,12,4,16,12,OK
NITA,NITA LIV02,CAPRICE LIQUIDE CHOCO BOITE 500G 322,24,60,61,84,23,OK
NITA,NITA LIV02,CAPRICE LIQUIDE TOFFEE BOITE 500GR 321,21,60,62,81,19,OK
NITA,NITA LIV02,CARAMEL CAPRICE BOITE A 60,9,0,0,9,9,OK
NITA,NITA LIV02,CHEWING GUM STICK MENTHE 5×20 N210,53,0,21,53,32,OK
NITA,NITA LIV02,CHEWING GUM STICK PASTÈQUE 5×20 N212,41,0,25,41,16,OK
NITA,NITA LIV02,CHOOPITOS X8,2,0,0,2,2,OK
NITA,NITA LIV02,CREME CHANTILLY 02KG ABIAPRO BOITE,3,3,4,6,2,OK
NITA,NITA LIV02,CREME CHANTILLY 02KG PRESTY,3,3,3,6,3,OK
NITA,NITA LIV02,CREME CHANTILLY 05KG ABIAPRO SAC Bnina Bezaf,3,6,6,9,3,OK
NITA,NITA LIV02,CREME CHANTILLY 200GR SACHET,1,0,1,1,0,OK
NITA,NITA LIV02,CREME CHANTILLY ABIAPRO HAYLA + 2KG,3,3,3,6,3,OK
NITA,NITA LIV02,CREME CHANTILLY NAWAL 5KG SAC,3,22,23,25,2,OK
NITA,NITA LIV02,CREME DIPLOMATE NAWAL 50G,0,3,0,3,3,OK
NITA,NITA LIV02,CREME TIRAMISU 1.5KG,2,0,0,2,2,OK
NITA,NITA LIV02,FLAN NAWAL 100GR PROMOTION,17,0,9,17,8,OK
NITA,NITA LIV02,FLAN NAWAL 50G BOITE,11,0,0,11,11,OK
NITA,NITA LIV02,FLAN NAWAL 700GR ,5,0,0,5,5,OK
NITA,NITA LIV02,FLAN NAWAL LIGHT 10GR ,2,0,0,2,2,OK
NITA,NITA LIV02,LA POUDRE CHOCOLAT,5,0,0,5,5,OK
NITA,NITA LIV02,LA POUDRE FRAISE,25,0,0,25,25,OK
NITA,NITA LIV02,LA POUDRE PISTACHE,23,0,0,23,23,OK
NITA,NITA LIV02,LA POUDRE VANILLE,10,0,0,10,10,OK
NITA,NITA LIV02,LEVURE CHIMIQUE NAWAL 10GR,7,0,1,7,6,OK
NITA,NITA LIV02,MOUSSE CHOCO 1.5KG,2,0,0,2,2,OK
NITA,NITA LIV02,NITA BROWNIE,0,35,29,35,6,OK
NITA,NITA LIV02,NITA DOPPIO VANILLA CHOCOLATE,2,0,0,2,2,OK
NITA,NITA LIV02,NITA DOPPIO VANILLA STRAWBERRY,2,0,0,2,2,OK
NITA,NITA LIV02,NITA GRAND BISCUIT CHOCOLAT,3,0,1,3,2,OK
NITA,NITA LIV02,NITA GRAND BISCUIT VANILLE CHOCOLAT,2,0,0,2,2,OK
NITA,NITA LIV02,NITA GRAND BISCUIT VANILLE FRAISE,4,0,1,4,3,OK
NITA,NITA LIV02,NITA GRANO,7,0,2,7,5,OK
NITA,NITA LIV02,NITA MARSHMALLOW,1,0,1,1,0,OK
NITA,NITA LIV02,NITA MINI BROWNIE CHOCOLAT ,0,160,48,160,112,OK
NITA,NITA LIV02,NITA MOLTO,13,17,23,30,7,OK
NITA,NITA LIV02,NITA MOLTO GM,2,10,5,12,7,OK
NITA,NITA LIV02,NITA MUFFINS COCOA CHOCOLAT,0,30,19,30,11,OK
NITA,NITA LIV02,NITA PERFECTO,6,6,8,12,4,OK
NITA,NITA LIV02,NITA PIPINO PISTACHIO,10,0,3,10,7,OK
NITA,NITA LIV02,NITA RIVA,4,3,6,7,1,OK
NITA,NITA LIV02,NITA SELECTION KUNAFA PISTACHE,5,0,0,5,5,OK
NITA,NITA LIV02,NITA SO OVALO,0,70,56,70,14,OK
NITA,NITA LIV02,NITA SO WAFER CHOCOLAT,4,5,4,9,5,OK
NITA,NITA LIV02,NITA SO WAFER NOISETTE,2,0,0,2,2,OK
NITA,NITA LIV02,NITA SPECULOOS,20,0,7,20,13,OK
NITA,NITA LIV02,NITA THE BALL,0,55,45,55,10,OK
NITA,NITA LIV02,PÂTE À MÂCHER FRUITÉS SAC GM 400S,24,12,34,36,2,OK
NITA,NITA LIV02,PÂTE À MÂCHER STICK FRUITÉS BOITE 401B,10,0,8,10,2,OK
NITA,NITA LIV02,PÂTE À MÂCHER STICK FRUITÉS PM N404,110,0,10,110,100,OK
NITA,NITA LIV02,VANILLE 60G,8,0,3,8,5,OK
NITA,NITA LIV03,AROME VANILLE ABIAPRO 04KG,2,0,0,2,2,OK
NITA,NITA LIV03,BOUILLON EN CUBE NAWAL 10GR PROMOTION,4,0,0,4,4,OK
NITA,NITA LIV03,BOUILLON NAWAL 10GR POULET BARQUETTE DE 6,0,6,0,6,6,OK
NITA,NITA LIV03,BUBBLE GUM CAPRICE P 205B,22,40,39,62,23,OK
NITA,NITA LIV03,BUBBLE GUM F-R BOITE N202B,18,16,19,34,15,OK
NITA,NITA LIV03,BUBBLE GUM FRUITS ROUGES SAC N202,16,12,16,28,12,OK
NITA,NITA LIV03,BUBBLE GUM MENTHE BOITE N204B,20,40,31,60,29,OK
NITA,NITA LIV03,BUBBLE GUM MULTI FRUITS SAC N201,11,0,3,11,8,OK
NITA,NITA LIV03,BUBBLE GUM ASSORTIS MÉLANGE PM ,10,0,0,10,10,OK
NITA,NITA LIV03,CACAO 04KG,3,0,0,3,3,OK
NITA,NITA LIV03,CAPRICE  CHOCO BOITE N302,0,8,8,8,0,OK
NITA,NITA LIV03,CAPRICE  CHOCO SAC N102,12,24,25,36,11,OK
NITA,NITA LIV03,CAPRICE  TOFFEE BOITE 301B,8,0,8,8,0,OK
NITA,NITA LIV03,CAPRICE CAFE 305 B,0,8,8,8,0,OK
NITA,NITA LIV03,CAPRICE CAFÉ SAC N105,14,12,20,26,6,OK
NITA,NITA LIV03,CAPRICE CARAMEL 500G  CACAO 502,41,48,65,89,24,OK
NITA,NITA LIV03,CAPRICE LIQUIDE CHOCO BOITE 300G 352,0,168,6,168,162,OK
NITA,NITA LIV03,CAPRICE MENTHE 104,13,0,13,13,0,OK
NITA,NITA LIV03,CAPRICE MENTHE BOITE  N304,8,0,0,8,8,OK
NITA,NITA LIV03,CAPRICE RÉGLISSE SAC N103,21,0,3,21,18,OK
NITA,NITA LIV03,CAPRICE STICK CHOCO N307,14,8,7,22,15,OK
NITA,NITA LIV03,CAPRICE STICK CHOCO SAC PM N311,30,0,0,30,30,OK
NITA,NITA LIV03,CAPRICE STICK TOFFEE BOITE N306,20,0,2,20,18,OK
NITA,NITA LIV03,CAPRICE TOFFEE SAC N101,20,0,3,20,17,OK
NITA,NITA LIV03,CAPRICE LIQUIDE CHOCO BOITE 500G 322,44,0,22,44,22,OK
NITA,NITA LIV03,CAPRICE LIQUIDE TOFFEE BOITE 500GR 321,48,0,18,48,30,OK
NITA,NITA LIV03,CARAMEL CAPRICE BOITE A 60,12,0,0,12,12,OK
NITA,NITA LIV03,CHEWING GUM STICK MENTHE 5×20 N210,38,0,22,38,16,OK
NITA,NITA LIV03,CHEWING GUM STICK PASTÈQUE 5×20 N212,43,0,19,43,24,OK
NITA,NITA LIV03,CHOOPITOS BAR,5,12,9,17,8,OK
NITA,NITA LIV03,CREME CHANTILLY 02KG ABIAPRO BOITE,4,2,2,6,4,OK
NITA,NITA LIV03,CREME CHANTILLY 02KG PRESTY,4,3,2,7,5,OK
NITA,NITA LIV03,CREME CHANTILLY 05KG ABIAPRO SAC Bnina Bezaf,3,0,0,3,3,OK
NITA,NITA LIV03,CREME CHANTILLY 200GR SACHET,2,0,0,2,2,OK
NITA,NITA LIV03,CREME CHANTILLY 50GR,4,0,2,4,2,OK
NITA,NITA LIV03,CREME CHANTILLY ABIAPRO HAYLA + 2KG,2,2,2,4,2,OK
NITA,NITA LIV03,CREME CHANTILLY NAWAL 5KG SAC,3,2,1,5,4,OK
NITA,NITA LIV03,CREME CHANTILLY PRESTY + 5KG,1,0,0,1,1,OK
NITA,NITA LIV03,CREME DE RIZ 120GR,2,5,3,7,4,OK
NITA,NITA LIV03,CREME DESSERT CHOCO 50GR,3,0,1,3,2,OK
NITA,NITA LIV03,CREME DIPLOMATE NAWAL 50G,0,3,0,3,3,OK
NITA,NITA LIV03,CREME PATISSIERE 50GR CHOCO FRAISE,3,0,0,3,3,OK
NITA,NITA LIV03,CREME TIRAMISU 1.5KG,2,0,0,2,2,OK
NITA,NITA LIV03,CREME TIRAMISU 65GR,2,0,0,2,2,OK
NITA,NITA LIV03,FLAN NAWAL 100GR PROMOTION,7,0,0,7,7,OK
NITA,NITA LIV03,FLAN NAWAL 50G BOITE,6,0,0,6,6,OK
NITA,NITA LIV03,FLAN NAWAL 700GR ,2,0,0,2,2,OK
NITA,NITA LIV03,FLAN NAWAL LIGHT 10GR ,2,0,0,2,2,OK
NITA,NITA LIV03,LA POUDRE FRAISE,33,0,0,33,33,OK
NITA,NITA LIV03,LA POUDRE PISTACHE,33,0,0,33,33,OK
NITA,NITA LIV03,LA POUDRE VANILLE,7,0,0,7,7,OK
NITA,NITA LIV03,LEVURE CHIMIQUE NAWAL 10GR,3,9,0,12,12,OK
NITA,NITA LIV03,MINI CHOOPITOS 48Pcs,3,12,10,15,5,OK
NITA,NITA LIV03,MOUSSE CHOCO 1.5KG,2,0,0,2,2,OK
NITA,NITA LIV03,MOUSSE CHOCO 50GR,2,0,0,2,2,OK
NITA,NITA LIV03,NITA BROWNIE,0,35,28,35,7,OK
NITA,NITA LIV03,NITA DOPPIO VANILLA CHOCOLATE,3,2,0,5,5,OK
NITA,NITA LIV03,NITA DOPPIO VANILLA STRAWBERRY,3,0,0,3,3,OK
NITA,NITA LIV03,NITA GRAND BISCUIT CHOCOLAT,5,2,2,7,5,OK
NITA,NITA LIV03,NITA GRAND BISCUIT VANILLE CHOCOLAT,4,0,0,4,4,OK
NITA,NITA LIV03,NITA GRAND BISCUIT VANILLE FRAISE,4,0,0,4,4,OK
NITA,NITA LIV03,NITA GRANO,3,0,0,3,3,OK
NITA,NITA LIV03,NITA MARSHMALLOW,2,1,3,3,0,OK
NITA,NITA LIV03,NITA MINI BROWNIE CHOCOLAT ,0,120,88,120,32,OK
NITA,NITA LIV03,NITA MOLTO,11,9,14,20,6,OK
NITA,NITA LIV03,NITA MOLTO GM,8,3,5,11,6,OK
NITA,NITA LIV03,NITA MUFFINS COCOA CHOCOLAT,0,36,25,36,11,OK
NITA,NITA LIV03,NITA PERFECTO,6,6,12,12,0,OK
NITA,NITA LIV03,NITA PIPINO PISTACHIO,4,4,4,8,4,OK
NITA,NITA LIV03,NITA RIVA,4,0,3,4,1,OK
NITA,NITA LIV03,NITA SELECTION KUNAFA PISTACHE,5,0,3,5,2,OK
NITA,NITA LIV03,NITA SO OVALO,0,41,33,41,8,OK
NITA,NITA LIV03,NITA SO WAFER CHOCOLAT,5,3,3,8,5,OK
NITA,NITA LIV03,NITA SO WAFER NOISETTE,4,0,0,4,4,OK
NITA,NITA LIV03,NITA SPECULOOS,8,0,2,8,6,OK
NITA,NITA LIV03,NITA THE BALL,0,40,32,40,8,OK
NITA,NITA LIV03,PÂTE À MÂCHER FRUITÉS PM N403,25,0,0,25,25,OK
NITA,NITA LIV03,PÂTE À MÂCHER FRUITÉS SAC GM 400S,13,12,25,25,0,OK
NITA,NITA LIV03,PÂTE À MÂCHER STICK FRUITÉS BOITE 401B,16,0,13,16,3,OK
NITA,NITA LIV03,SAC CHOOPITOS 16Pcs,1,0,0,1,1,OK
NITA,NITA LIV03,VANILLE 60G,7,0,1,7,6,OK
